date,n1,n2,n3,n4,n5,n6,draw_type,pool_size,label_inferred
1988-05-07,30,44,17,49,42,15,LOTTO,49,0
1988-05-14,18,15,23,19,11,22,LOTTO,49,0
1988-05-21,15,40,8,47,25,22,LOTTO,49,0
1988-05-28,36,12,19,13,20,48,LOTTO,49,0
1988-06-04,3,19,7,5,13,20,LOTTO,49,0
1988-06-11,48,15,44,20,13,17,LOTTO,49,0
1988-06-18,4,38,42,23,3,10,LOTTO,49,0
1988-06-25,27,17,13,42,47,40,LOTTO,49,0
1988-07-02,11,6,31,2,34,14,LOTTO,49,0
1988-07-09,13,28,4,46,3,35,LOTTO,49,0
1988-07-16,2,48,3,1,13,28,LOTTO,49,0
1988-07-23,37,36,26,42,10,23,LOTTO,49,0
1988-07-30,38,32,12,20,18,42,LOTTO,49,0
1988-08-06,18,15,17,31,12,42,LOTTO,49,0
1988-08-13,7,15,14,38,37,22,LOTTO,49,0
1988-08-20,24,47,40,6,28,48,LOTTO,49,0
1988-08-27,20,42,6,29,45,26,LOTTO,49,0
1988-09-03,3,27,19,35,20,5,LOTTO,49,0
1988-09-10,45,33,31,10,27,2,LOTTO,49,0
1988-09-17,38,21,1,39,24,44,LOTTO,49,0
1988-09-24,21,41,38,47,5,17,LOTTO,49,0
1988-10-01,31,27,40,20,41,16,LOTTO,49,0
1988-10-08,43,44,46,30,12,17,LOTTO,49,0
1988-10-15,10,21,41,29,43,16,LOTTO,49,0
1988-10-22,14,40,11,3,15,27,LOTTO,49,0
1988-10-29,24,8,43,45,4,34,LOTTO,49,0
1988-11-05,11,4,12,19,40,31,LOTTO,49,0
1988-11-12,29,22,31,9,23,44,LOTTO,49,0
1988-11-19,7,15,49,30,31,24,LOTTO,49,0
1988-11-26,19,17,49,33,31,23,LOTTO,49,0
1988-12-03,37,12,49,21,13,38,LOTTO,49,0
1988-12-10,12,36,8,18,13,44,LOTTO,49,0
1988-12-17,15,34,33,30,27,38,LOTTO,49,0
1988-12-24,29,38,28,47,6,1,LOTTO,49,0
1988-12-31,42,44,40,20,49,30,LOTTO,49,0
1989-01-07,27,3,34,47,40,2,LOTTO,49,0
1989-01-14,28,46,5,49,35,48,LOTTO,49,0
1989-01-21,15,21,49,41,29,31,LOTTO,49,0
1989-01-28,40,25,2,6,22,14,LOTTO,49,0
1989-02-04,18,4,17,42,14,43,LOTTO,49,0
1989-02-11,43,25,19,4,30,48,LOTTO,49,0
1989-02-18,19,31,38,9,32,41,LOTTO,49,0
1989-02-25,36,49,41,43,2,26,LOTTO,49,0
1989-03-04,25,36,12,11,10,5,LOTTO,49,0
1989-03-11,23,19,26,34,49,48,LOTTO,49,0
1989-03-18,19,41,42,1,29,26,LOTTO,49,0
1989-03-25,45,31,34,9,24,3,LOTTO,49,0
1989-04-01,34,49,24,2,19,3,LOTTO,49,0
1989-04-08,38,8,49,48,27,34,LOTTO,49,0
1989-04-15,36,10,27,45,16,44,LOTTO,49,0
1989-04-22,33,11,38,16,14,34,LOTTO,49,0
1989-04-29,36,39,27,14,17,46,LOTTO,49,0
1989-05-06,43,14,20,3,25,18,LOTTO,49,0
1989-05-13,11,46,28,14,2,12,LOTTO,49,0
1989-05-20,35,10,27,42,4,24,LOTTO,49,0
1989-05-27,13,30,20,39,40,46,LOTTO,49,0
1989-06-03,30,28,35,12,47,8,LOTTO,49,0
1989-06-10,21,6,27,7,11,48,LOTTO,49,0
1989-06-17,17,41,27,8,38,35,LOTTO,49,0
1989-06-24,45,33,13,21,35,5,LOTTO,49,0
1989-07-01,15,5,28,48,16,43,LOTTO,49,0
1989-07-08,36,17,29,1,37,39,LOTTO,49,0
1989-07-15,49,10,34,26,19,48,LOTTO,49,0
1989-07-22,39,14,17,8,5,9,LOTTO,49,0
1989-07-29,14,3,48,13,43,40,LOTTO,49,0
1989-08-05,37,42,10,27,12,18,LOTTO,49,0
1989-08-12,22,28,9,26,31,3,LOTTO,49,0
1989-08-19,38,27,21,15,4,30,LOTTO,49,0
1989-08-26,5,25,20,45,42,34,LOTTO,49,0
1989-09-02,22,32,23,8,14,43,LOTTO,49,0
1989-09-09,47,8,7,20,16,1,LOTTO,49,0
1989-09-16,13,30,19,34,3,5,LOTTO,49,0
1989-09-23,10,45,8,2,31,7,LOTTO,49,0
1989-09-30,40,44,20,21,8,46,LOTTO,49,0
1989-10-07,31,29,35,47,38,33,LOTTO,49,0
1989-10-14,27,36,24,22,32,1,LOTTO,49,0
1989-10-21,18,45,48,30,21,39,LOTTO,49,0
1989-10-28,13,7,19,36,46,28,LOTTO,49,0
1989-11-04,33,25,20,44,37,29,LOTTO,49,0
1989-11-11,9,27,36,43,28,34,LOTTO,49,0
1989-11-18,44,26,11,4,39,7,LOTTO,49,0
1989-11-25,26,37,47,29,8,11,LOTTO,49,0
1989-12-02,20,40,48,15,21,13,LOTTO,49,0
1989-12-09,41,10,16,43,19,40,LOTTO,49,0
1989-12-16,22,34,1,23,47,6,LOTTO,49,0
1989-12-23,35,12,9,47,39,29,LOTTO,49,0
1989-12-30,10,25,42,2,5,43,LOTTO,49,0
1990-01-06,31,17,21,47,19,30,LOTTO,49,0
1990-01-13,44,18,49,28,16,23,LOTTO,49,0
1990-01-20,47,41,7,12,17,27,LOTTO,49,0
1990-01-27,26,15,16,37,41,5,LOTTO,49,0
1990-02-03,24,43,31,4,15,9,LOTTO,49,0
1990-02-10,9,5,31,27,10,3,LOTTO,49,0
1990-02-17,9,46,3,7,44,13,LOTTO,49,0
1990-02-24,41,30,45,38,31,14,LOTTO,49,0
1990-03-03,11,4,39,5,48,18,LOTTO,49,0
1990-03-10,32,11,30,6,8,17,LOTTO,49,0
1990-03-17,19,33,39,2,16,3,LOTTO,49,0
1990-03-24,25,29,28,42,15,32,LOTTO,49,0
1990-03-31,2,15,23,21,13,26,LOTTO,49,0
1990-04-07,3,40,34,43,33,47,LOTTO,49,0
1990-04-14,33,35,5,34,7,24,LOTTO,49,0
1990-04-21,6,20,35,16,14,38,LOTTO,49,0
1990-04-28,46,23,48,32,24,8,LOTTO,49,0
1990-05-05,30,40,38,5,7,43,LOTTO,49,0
1990-05-12,1,45,6,46,36,18,LOTTO,49,0
1990-05-19,11,4,47,2,12,3,LOTTO,49,0
1990-05-26,15,35,20,44,1,31,LOTTO,49,0
1990-06-02,34,9,3,30,28,22,LOTTO,49,0
1990-06-09,15,27,18,46,29,37,LOTTO,49,0
1990-06-16,49,47,41,34,16,20,LOTTO,49,0
1990-06-23,34,19,31,49,30,15,LOTTO,49,0
1990-06-30,25,9,39,44,28,27,LOTTO,49,0
1990-07-07,44,25,9,19,34,12,LOTTO,49,0
1990-07-14,42,13,43,33,27,36,LOTTO,49,0
1990-07-21,20,29,23,47,40,15,LOTTO,49,0
1990-07-28,16,12,15,40,26,7,LOTTO,49,0
1990-08-04,9,19,22,6,41,28,LOTTO,49,0
1990-08-11,17,42,18,10,6,19,LOTTO,49,0
1990-08-18,21,19,35,47,36,29,LOTTO,49,0
1990-08-25,49,6,45,9,46,2,LOTTO,49,0
1990-09-01,34,29,31,46,26,4,LOTTO,49,0
1990-09-08,43,40,34,19,46,3,LOTTO,49,0
1990-09-15,6,35,34,45,21,5,LOTTO,49,0
1990-09-22,4,23,33,26,6,29,LOTTO,49,0
1990-09-29,16,29,15,1,39,5,LOTTO,49,0
1990-10-06,44,24,17,4,19,20,LOTTO,49,0
1990-10-13,21,45,25,14,35,42,LOTTO,49,0
1990-10-20,28,13,18,7,45,9,LOTTO,49,0
1990-10-27,17,40,34,10,7,11,LOTTO,49,0
1990-11-03,10,9,26,27,40,39,LOTTO,49,0
1990-11-10,21,31,47,14,10,39,LOTTO,49,0
1990-11-17,9,6,31,34,22,30,LOTTO,49,0
1990-11-24,6,10,27,26,22,28,LOTTO,49,0
1990-12-01,40,37,35,23,28,29,LOTTO,49,0
1990-12-08,1,24,25,45,37,20,LOTTO,49,0
1990-12-15,25,13,42,18,17,43,LOTTO,49,0
1990-12-22,41,19,31,32,13,34,LOTTO,49,0
1990-12-29,39,49,26,38,32,28,LOTTO,49,0
1991-01-05,37,31,49,24,40,41,LOTTO,49,0
1991-01-12,10,36,19,29,26,15,LOTTO,49,0
1991-01-19,29,18,41,42,49,22,LOTTO,49,0
1991-01-26,40,49,27,24,30,48,LOTTO,49,0
1991-02-02,18,4,22,17,9,23,LOTTO,49,0
1991-02-09,25,19,29,12,17,45,LOTTO,49,0
1991-02-16,22,11,45,18,42,26,LOTTO,49,0
1991-02-23,22,24,23,20,12,28,LOTTO,49,0
1991-03-02,7,39,18,3,19,27,LOTTO,49,0
1991-03-09,47,23,38,15,1,22,LOTTO,49,0
1991-03-16,40,3,28,7,37,21,LOTTO,49,0
1991-03-23,15,7,14,28,39,47,LOTTO,49,0
1991-03-30,28,42,34,29,37,44,LOTTO,49,0
1991-04-06,37,11,16,15,5,3,LOTTO,49,0
1991-04-13,4,19,23,43,31,42,LOTTO,49,0
1991-04-20,34,23,25,24,11,46,LOTTO,49,0
1991-04-27,15,42,26,2,43,27,LOTTO,49,0
1991-05-04,16,32,21,45,19,43,LOTTO,49,0
1991-05-11,31,47,3,27,26,21,LOTTO,49,0
1991-05-18,16,21,3,47,45,7,LOTTO,49,0
1991-05-25,12,42,46,17,28,13,LOTTO,49,0
1991-06-01,41,28,30,33,47,18,LOTTO,49,0
1991-06-08,24,10,47,45,37,32,LOTTO,49,0
1991-06-15,4,48,45,47,3,22,LOTTO,49,0
1991-06-22,27,30,12,23,21,20,LOTTO,49,0
1991-06-29,42,47,13,35,34,24,LOTTO,49,0
1991-07-06,6,8,41,14,3,42,LOTTO,49,0
1991-07-13,12,11,8,17,44,9,LOTTO,49,0
1991-07-20,30,21,41,42,19,27,LOTTO,49,0
1991-07-27,30,32,45,17,29,42,LOTTO,49,0
1991-08-03,44,48,34,47,8,6,LOTTO,49,0
1991-08-10,32,18,28,24,4,6,LOTTO,49,0
1991-08-17,10,25,13,15,49,35,LOTTO,49,0
1991-08-24,32,24,23,4,15,16,LOTTO,49,0
1991-08-31,43,22,29,4,14,24,LOTTO,49,0
1991-09-07,13,41,20,42,2,33,LOTTO,49,0
1991-09-14,28,13,1,15,12,35,LOTTO,49,0
1991-09-21,46,49,14,20,27,48,LOTTO,49,0
1991-09-28,46,42,18,16,11,48,LOTTO,49,0
1991-10-05,5,23,26,40,3,20,LOTTO,49,0
1991-10-12,48,14,42,9,23,44,LOTTO,49,0
1991-10-19,21,31,42,25,29,15,LOTTO,49,0
1991-10-26,17,7,27,30,16,23,LOTTO,49,0
1991-11-02,6,10,43,26,41,21,LOTTO,49,0
1991-11-09,28,35,12,7,5,47,LOTTO,49,0
1991-11-16,27,31,26,29,44,36,LOTTO,49,0
1991-11-23,19,47,3,45,15,28,LOTTO,49,0
1991-11-30,5,45,11,42,41,47,LOTTO,49,0
1991-12-07,35,9,11,31,47,39,LOTTO,49,0
1991-12-14,34,19,13,37,8,36,LOTTO,49,0
1991-12-21,18,19,46,2,35,37,LOTTO,49,0
1991-12-28,12,14,37,38,45,9,LOTTO,49,0
1992-01-04,11,8,26,45,36,49,LOTTO,49,0
1992-01-11,33,3,14,27,4,46,LOTTO,49,0
1992-01-18,38,27,40,19,49,18,LOTTO,49,0
1992-01-25,14,23,35,46,41,30,LOTTO,49,0
1992-02-01,6,2,40,48,33,23,LOTTO,49,0
1992-02-08,16,14,17,11,40,1,LOTTO,49,0
1992-02-15,46,38,24,2,22,13,LOTTO,49,0
1992-02-22,41,45,27,21,12,44,LOTTO,49,0
1992-02-29,2,48,49,19,34,20,LOTTO,49,0
1992-03-07,43,16,40,45,19,42,LOTTO,49,0
1992-03-14,46,21,38,48,36,41,LOTTO,49,0
1992-03-21,41,9,19,14,23,24,LOTTO,49,0
1992-03-28,2,44,30,38,29,42,LOTTO,49,0
1992-04-04,3,8,2,27,24,22,LOTTO,49,0
1992-04-11,34,27,7,8,49,5,LOTTO,49,0
1992-04-18,24,26,21,29,14,17,LOTTO,49,0
1992-04-25,9,3,16,44,11,21,LOTTO,49,0
1992-05-02,26,44,25,5,9,11,LOTTO,49,0
1992-05-09,7,40,5,19,4,16,LOTTO,49,0
1992-05-16,18,7,8,6,29,5,LOTTO,49,0
1992-05-23,42,25,11,31,12,44,LOTTO,49,0
1992-05-30,24,32,7,19,14,37,LOTTO,49,0
1992-06-06,43,20,13,33,27,18,LOTTO,49,0
1992-06-13,36,27,15,28,40,49,LOTTO,49,0
1992-06-20,12,18,15,39,45,49,LOTTO,49,0
1992-06-27,49,39,8,7,30,25,LOTTO,49,0
1992-07-04,38,35,17,1,5,29,LOTTO,49,0
1992-07-11,17,11,40,13,47,8,LOTTO,49,0
1992-07-18,12,15,9,6,29,48,LOTTO,49,0
1992-07-25,35,24,44,46,38,7,LOTTO,49,0
1992-08-01,14,9,47,45,1,2,LOTTO,49,0
1992-08-08,33,40,26,34,36,14,LOTTO,49,0
1992-08-15,5,12,24,35,46,38,LOTTO,49,0
1992-08-22,23,12,42,46,20,27,LOTTO,49,0
1992-08-29,20,37,48,45,41,35,LOTTO,49,0
1992-09-05,41,19,25,11,15,22,LOTTO,49,0
1992-09-12,25,9,5,30,8,31,LOTTO,49,0
1992-09-19,37,33,3,31,14,29,LOTTO,49,0
1992-09-26,23,22,34,28,14,6,LOTTO,49,0
1992-10-03,39,15,33,37,17,3,LOTTO,49,0
1992-10-10,42,48,34,27,1,47,LOTTO,49,0
1992-10-17,9,45,15,35,22,46,LOTTO,49,0
1992-10-24,45,24,46,42,27,30,LOTTO,49,0
1992-10-31,31,48,30,37,40,22,LOTTO,49,0
1992-11-07,34,2,15,17,42,13,LOTTO,49,0
1992-11-14,8,44,45,4,48,35,LOTTO,49,0
1992-11-21,28,4,21,35,25,30,LOTTO,49,0
1992-11-28,4,29,32,47,48,25,LOTTO,49,0
1992-12-05,33,11,36,20,13,47,LOTTO,49,0
1992-12-12,30,11,3,13,43,46,LOTTO,49,0
1992-12-19,26,18,22,1,21,37,LOTTO,49,0
1992-12-26,22,40,39,8,24,1,LOTTO,49,0
1993-01-02,2,10,44,30,12,37,LOTTO,49,0
1993-01-09,12,32,11,6,49,3,LOTTO,49,0
1993-01-16,46,36,21,2,12,17,LOTTO,49,0
1993-01-23,47,26,8,27,6,25,LOTTO,49,0
1993-01-30,5,12,24,18,6,17,LOTTO,49,0
1993-02-06,10,11,47,3,34,6,LOTTO,49,0
1993-02-13,49,33,1,9,20,15,LOTTO,49,0
1993-02-20,34,17,1,4,30,44,LOTTO,49,0
1993-02-27,46,9,14,22,48,23,LOTTO,49,0
1993-03-06,38,32,2,44,11,8,LOTTO,49,0
1993-03-13,46,31,30,18,28,44,LOTTO,49,0
1993-03-20,7,14,18,47,12,27,LOTTO,49,0
1993-03-27,34,21,20,2,23,10,LOTTO,49,0
1993-04-03,8,14,32,16,36,49,LOTTO,49,0
1993-04-10,46,33,26,35,43,20,LOTTO,49,0
1993-04-17,18,28,19,11,30,46,LOTTO,49,0
1993-04-24,14,9,45,47,43,1,LOTTO,49,0
1993-05-01,6,40,1,28,18,34,LOTTO,49,0
1993-05-08,20,28,15,44,24,10,LOTTO,49,0
1993-05-15,17,10,40,23,48,34,LOTTO,49,0
1993-05-22,42,49,48,45,44,39,LOTTO,49,0
1993-05-29,7,31,24,38,2,32,LOTTO,49,0
1993-06-05,29,12,9,47,15,4,LOTTO,49,0
1993-06-12,16,14,35,26,10,29,LOTTO,49,0
1993-06-19,37,20,46,4,12,48,LOTTO,49,0
1993-06-26,20,31,30,24,14,3,LOTTO,49,0
1993-07-03,39,34,38,1,9,12,LOTTO,49,0
1993-07-10,15,29,19,2,7,30,LOTTO,49,0
1993-07-17,9,40,46,28,44,18,LOTTO,49,0
1993-07-24,41,14,8,34,46,24,LOTTO,49,0
1993-07-31,24,34,44,1,46,14,LOTTO,49,0
1993-08-07,37,28,47,48,4,41,LOTTO,49,0
1993-08-14,42,21,48,7,23,44,LOTTO,49,0
1993-08-21,40,3,21,42,28,45,LOTTO,49,0
1993-08-28,30,18,25,17,27,46,LOTTO,49,0
1993-09-04,38,39,10,20,43,15,LOTTO,49,0
1993-09-11,12,22,31,43,44,49,LOTTO,49,0
1993-09-18,16,47,26,10,41,28,LOTTO,49,0
1993-09-25,14,18,31,39,45,48,LOTTO,49,0
1993-10-02,44,43,36,26,9,28,LOTTO,49,0
1993-10-09,39,26,18,14,28,5,LOTTO,49,0
1993-10-16,40,16,4,31,28,15,LOTTO,49,0
1993-10-23,47,27,34,2,22,19,LOTTO,49,0
1993-10-30,9,2,5,14,30,34,LOTTO,49,0
1993-11-06,19,14,8,21,47,5,LOTTO,49,0
1993-11-13,34,22,4,28,7,45,LOTTO,49,0
1993-11-20,38,34,41,26,47,6,LOTTO,49,0
1993-11-27,5,2,31,17,40,15,LOTTO,49,0
1993-12-04,25,44,36,41,23,39,LOTTO,49,0
1993-12-11,12,41,27,36,30,6,LOTTO,49,0
1993-12-18,43,49,1,33,48,29,LOTTO,49,0
1993-12-25,14,28,48,16,19,39,LOTTO,49,0
1994-01-01,48,12,10,7,22,47,LOTTO,49,0
1994-01-08,31,33,28,36,46,1,LOTTO,49,0
1994-01-15,8,49,46,20,27,39,LOTTO,49,0
1994-01-22,24,11,32,2,19,18,LOTTO,49,0
1994-01-29,31,17,15,34,3,25,LOTTO,49,0
1994-02-05,29,31,39,35,4,6,LOTTO,49,0
1994-02-12,18,4,8,43,11,33,LOTTO,49,0
1994-02-19,35,34,43,1,37,25,LOTTO,49,0
1994-02-26,8,20,48,35,39,19,LOTTO,49,0
1994-03-05,42,19,15,37,35,32,LOTTO,49,0
1994-03-12,7,46,10,49,35,17,LOTTO,49,0
1994-03-19,17,3,14,42,8,16,LOTTO,49,0
1994-03-26,26,24,37,8,18,21,LOTTO,49,0
1994-04-02,43,23,10,9,40,42,LOTTO,49,0
1994-04-09,44,48,21,42,13,49,LOTTO,49,0
1994-04-16,31,30,1,9,20,47,LOTTO,49,0
1994-04-23,6,2,43,3,8,15,LOTTO,49,0
1994-04-30,16,44,38,13,10,45,LOTTO,49,0
1994-05-07,48,18,23,34,45,10,LOTTO,49,0
1994-05-14,34,19,29,12,22,17,LOTTO,49,0
1994-05-21,45,25,31,43,47,26,LOTTO,49,0
1994-05-28,35,11,43,22,27,49,LOTTO,49,0
1994-06-04,47,1,49,18,43,4,LOTTO,49,0
1994-06-11,47,18,22,26,12,21,LOTTO,49,0
1994-06-18,15,40,24,3,12,28,LOTTO,49,0
1994-06-25,33,13,46,9,25,39,LOTTO,49,0
1994-07-02,8,42,17,46,29,23,LOTTO,49,0
1994-07-09,39,49,14,21,1,9,LOTTO,49,0
1994-07-16,16,29,48,30,21,19,LOTTO,49,0
1994-07-23,7,8,32,13,20,15,LOTTO,49,0
1994-07-30,2,25,17,38,34,35,LOTTO,49,0
1994-08-06,22,36,28,40,12,34,LOTTO,49,0
1994-08-13,18,27,43,32,40,15,LOTTO,49,0
1994-08-20,30,45,36,11,1,28,LOTTO,49,0
1994-08-27,14,47,38,17,12,37,LOTTO,49,0
1994-09-03,15,3,2,18,14,44,LOTTO,49,0
1994-09-10,29,10,11,12,41,13,LOTTO,49,0
1994-09-17,2,16,22,9,27,20,LOTTO,49,0
1994-09-24,24,16,35,43,30,9,LOTTO,49,0
1994-10-01,41,35,23,1,14,38,LOTTO,49,0
1994-10-08,34,6,16,38,2,31,LOTTO,49,0
1994-10-15,34,19,36,17,41,11,LOTTO,49,0
1994-10-22,23,48,6,25,36,10,LOTTO,49,0
1994-10-29,30,11,47,10,36,9,LOTTO,49,0
1994-11-05,18,34,28,19,39,35,LOTTO,49,0
1994-11-12,48,4,3,8,13,35,LOTTO,49,0
1994-11-19,16,2,17,19,8,30,LOTTO,49,0
1994-11-26,39,31,2,32,29,19,LOTTO,49,0
1994-12-03,25,12,32,13,6,8,LOTTO,49,0
1994-12-10,32,2,16,3,8,9,LOTTO,49,0
1994-12-17,7,39,34,18,20,31,LOTTO,49,0
1994-12-24,48,34,12,10,38,6,LOTTO,49,0
1994-12-31,26,14,1,24,34,8,LOTTO,49,0
1995-01-07,22,3,44,9,18,5,LOTTO,49,0
1995-01-14,41,9,40,13,29,45,LOTTO,49,0
1995-01-21,30,36,39,33,44,47,LOTTO,49,0
1995-01-28,47,25,9,19,32,11,LOTTO,49,0
1995-02-04,34,42,38,45,44,48,LOTTO,49,0
1995-02-11,29,42,23,2,25,32,LOTTO,49,0
1995-02-18,36,49,34,14,25,42,LOTTO,49,0
1995-02-25,9,32,14,38,3,21,LOTTO,49,0
1995-03-04,45,8,18,26,32,10,LOTTO,49,0
1995-03-11,29,7,41,5,4,13,LOTTO,49,0
1995-03-18,42,39,5,18,47,21,LOTTO,49,0
1995-03-25,27,22,20,23,39,5,LOTTO,49,0
1995-04-01,34,23,29,47,40,26,LOTTO,49,0
1995-04-08,7,28,49,4,2,1,LOTTO,49,0
1995-04-15,17,30,48,27,19,40,LOTTO,49,0
1995-04-22,27,14,30,6,28,48,LOTTO,49,0
1995-04-29,15,49,46,7,14,48,LOTTO,49,0
1995-05-06,17,27,15,41,22,49,LOTTO,49,0
1995-05-13,16,32,13,24,44,14,LOTTO,49,0
1995-05-20,7,40,44,29,49,41,LOTTO,49,0
1995-05-27,6,28,9,32,7,40,LOTTO,49,0
1995-06-03,15,36,20,8,46,10,LOTTO,49,0
1995-06-10,40,6,42,28,44,30,LOTTO,49,0
1995-06-17,7,21,40,17,28,8,LOTTO,49,0
1995-06-24,45,6,2,38,30,10,LOTTO,49,0
1995-07-01,47,15,20,7,5,35,LOTTO,49,0
1995-07-08,23,5,20,30,1,27,LOTTO,49,0
1995-07-15,13,49,34,35,2,33,LOTTO,49,0
1995-07-22,16,8,48,18,28,10,LOTTO,49,0
1995-07-29,10,44,22,18,6,27,LOTTO,49,0
1995-08-05,20,40,47,9,44,34,LOTTO,49,0
1995-08-12,12,23,26,9,18,28,LOTTO,49,0
1995-08-19,48,34,44,22,26,14,LOTTO,49,0
1995-08-26,29,7,43,24,38,6,LOTTO,49,0
1995-09-02,29,26,8,17,19,25,LOTTO,49,0
1995-09-09,29,2,12,28,23,40,LOTTO,49,0
1995-09-16,39,36,16,26,12,41,LOTTO,49,0
1995-09-23,34,28,5,45,10,9,LOTTO,49,0
1995-09-30,2,30,15,29,26,21,LOTTO,49,0
1995-10-07,36,15,32,47,45,42,LOTTO,49,0
1995-10-14,44,11,24,43,9,40,LOTTO,49,0
1995-10-21,3,10,32,33,8,36,LOTTO,49,0
1995-10-28,23,21,41,31,2,47,LOTTO,49,0
1995-11-04,37,8,38,48,3,9,LOTTO,49,0
1995-11-11,37,40,49,46,48,2,LOTTO,49,0
1995-11-18,12,2,8,6,36,47,LOTTO,49,0
1995-11-25,24,29,1,22,39,10,LOTTO,49,0
1995-12-02,46,21,29,32,2,12,LOTTO,49,0
1995-12-09,29,4,9,34,6,49,LOTTO,49,0
1995-12-16,14,36,25,29,6,4,LOTTO,49,0
1995-12-23,1,40,41,19,21,48,LOTTO,49,0
1995-12-30,31,23,22,15,28,17,LOTTO,49,0
1996-01-06,6,13,45,9,23,22,LOTTO,49,0
1996-01-13,2,33,17,18,7,21,LOTTO,49,0
1996-01-20,48,19,7,39,11,41,LOTTO,49,0
1996-01-27,42,29,45,8,9,22,LOTTO,49,0
1996-02-03,3,22,5,35,42,28,LOTTO,49,0
1996-02-10,4,36,26,9,10,42,LOTTO,49,0
1996-02-17,24,16,47,18,12,21,LOTTO,49,0
1996-02-24,37,26,8,44,36,34,LOTTO,49,0
1996-03-02,9,7,1,6,32,20,LOTTO,49,0
1996-03-09,24,45,33,14,20,48,LOTTO,49,0
1996-03-16,44,16,8,28,25,30,LOTTO,49,0
1996-03-23,36,20,6,40,1,13,LOTTO,49,0
1996-03-30,45,34,47,40,8,41,LOTTO,49,0
1996-04-06,38,13,41,20,19,24,LOTTO,49,0
1996-04-13,12,48,6,10,42,15,LOTTO,49,0
1996-04-20,3,7,44,11,41,33,LOTTO,49,0
1996-04-27,42,36,48,31,34,49,LOTTO,49,0
1996-05-04,49,7,12,24,10,22,LOTTO,49,0
1996-05-11,11,31,26,25,32,3,LOTTO,49,0
1996-05-18,18,38,13,7,12,17,LOTTO,49,0
1996-05-25,41,20,4,15,5,27,LOTTO,49,0
1996-06-01,45,34,47,35,13,25,LOTTO,49,0
1996-06-08,15,43,31,8,38,47,LOTTO,49,0
1996-06-15,19,29,16,34,42,36,LOTTO,49,0
1996-06-22,21,44,49,13,7,18,LOTTO,49,0
1996-06-29,36,43,48,18,38,29,LOTTO,49,0
1996-07-06,38,39,7,4,6,25,LOTTO,49,0
1996-07-13,13,27,30,38,49,31,LOTTO,49,0
1996-07-20,43,39,2,20,28,27,LOTTO,49,0
1996-07-27,9,41,36,7,19,43,LOTTO,49,0
1996-08-03,4,13,20,17,29,39,LOTTO,49,0
1996-08-10,29,9,37,2,28,19,LOTTO,49,0
1996-08-17,36,9,47,14,48,26,LOTTO,49,0
1996-08-24,25,35,12,7,40,48,LOTTO,49,0
1996-08-31,35,17,36,22,28,2,LOTTO,49,0
1996-09-07,12,10,49,31,43,40,LOTTO,49,0
1996-09-14,35,26,47,30,24,42,LOTTO,49,0
1996-09-21,11,18,20,36,8,32,LOTTO,49,0
1996-09-28,28,46,26,29,21,36,LOTTO,49,0
1996-10-05,3,24,33,21,40,16,LOTTO,49,0
1996-10-12,8,43,1,41,17,30,LOTTO,49,0
1996-10-19,3,27,30,15,37,18,LOTTO,49,0
1996-10-26,1,24,31,29,20,33,LOTTO,49,0
1996-11-02,23,41,7,17,33,26,LOTTO,49,0
1996-11-09,27,43,38,14,42,2,LOTTO,49,0
1996-11-16,37,35,29,32,20,2,LOTTO,49,0
1996-11-23,11,43,48,42,41,8,LOTTO,49,0
1996-11-30,38,3,49,17,4,21,LOTTO,49,0
1996-12-07,17,12,1,10,24,11,LOTTO,49,0
1996-12-14,3,7,40,46,37,9,LOTTO,49,0
1996-12-21,17,48,35,44,5,15,LOTTO,49,0
1996-12-28,36,26,48,13,30,35,LOTTO,49,0
1997-01-04,21,45,1,23,16,39,LOTTO,49,0
1997-01-11,13,49,41,27,3,29,LOTTO,49,0
1997-01-18,9,19,13,20,42,49,LOTTO,49,0
1997-01-25,47,37,48,21,17,7,LOTTO,49,0
1997-02-01,8,41,26,40,4,34,LOTTO,49,0
1997-02-08,42,31,24,49,10,27,LOTTO,49,0
1997-02-15,19,4,33,9,14,8,LOTTO,49,0
1997-02-22,10,22,47,16,36,49,LOTTO,49,0
1997-03-01,45,8,37,41,25,5,LOTTO,49,0
1997-03-08,20,8,46,3,16,29,LOTTO,49,0
1997-03-15,23,38,30,24,19,36,LOTTO,49,0
1997-03-22,32,46,45,27,21,48,LOTTO,49,0
1997-03-29,43,22,35,13,2,3,LOTTO,49,0
1997-04-05,45,16,41,25,12,44,LOTTO,49,0
1997-04-12,35,45,11,6,30,49,LOTTO,49,0
1997-04-19,47,1,26,5,35,15,LOTTO,49,0
1997-04-26,33,42,45,44,31,24,LOTTO,49,0
1997-05-03,24,2,21,19,25,41,LOTTO,49,0
1997-05-10,13,12,41,6,47,15,LOTTO,49,0
1997-05-17,3,32,18,43,41,20,LOTTO,49,0
1997-05-24,36,23,43,48,20,32,LOTTO,49,0
1997-05-31,17,14,29,9,42,32,LOTTO,49,0
1997-06-07,10,12,44,36,26,11,LOTTO,49,0
1997-06-14,26,4,46,35,8,47,LOTTO,49,0
1997-06-21,31,5,43,11,29,46,LOTTO,49,0
1997-06-28,7,15,47,25,5,10,LOTTO,49,0
1997-07-05,25,21,19,32,30,23,LOTTO,49,0
1997-07-12,34,6,40,15,11,39,LOTTO,49,0
1997-07-19,44,47,11,8,14,27,LOTTO,49,0
1997-07-26,41,12,9,20,46,1,LOTTO,49,0
1997-08-02,11,47,7,42,49,1,LOTTO,49,0
1997-08-09,30,41,9,40,17,15,LOTTO,49,0
1997-08-16,11,31,1,10,47,39,LOTTO,49,0
1997-08-23,8,47,44,6,36,34,LOTTO,49,0
1997-08-30,26,10,6,44,7,8,LOTTO,49,0
1997-09-06,30,15,40,35,7,19,LOTTO,49,0
1997-09-13,10,24,42,37,35,13,LOTTO,49,0
1997-09-20,12,34,1,48,32,21,LOTTO,49,0
1997-09-27,2,15,49,7,43,40,LOTTO,49,0
1997-10-04,45,18,25,14,4,8,LOTTO,49,0
1997-10-11,41,24,21,37,45,9,LOTTO,49,0
1997-10-18,28,29,6,25,39,4,LOTTO,49,0
1997-10-25,29,35,40,5,34,18,LOTTO,49,0
1997-11-01,44,16,43,47,14,30,LOTTO,49,0
1997-11-08,9,12,1,10,14,3,LOTTO,49,0
1997-11-15,44,4,3,31,27,41,LOTTO,49,0
1997-11-22,18,38,7,16,5,46,LOTTO,49,0
1997-11-29,4,9,43,37,18,40,LOTTO,49,0
1997-12-06,17,6,27,40,36,18,LOTTO,49,0
1997-12-13,41,48,16,4,1,45,LOTTO,49,0
1997-12-20,32,30,16,40,6,45,LOTTO,49,0
1997-12-27,33,2,13,1,27,29,LOTTO,49,0
1998-01-03,22,31,42,9,24,38,LOTTO,49,0
1998-01-10,14,34,33,38,41,13,LOTTO,49,0
1998-01-17,1,11,40,2,49,33,LOTTO,49,0
1998-01-24,40,11,29,42,21,28,LOTTO,49,0
1998-01-31,26,39,22,28,37,17,LOTTO,49,0
1998-02-07,14,38,32,40,41,33,LOTTO,49,0
1998-02-14,33,21,4,23,11,29,LOTTO,49,0
1998-02-21,39,12,13,38,26,2,LOTTO,49,0
1998-02-28,47,43,20,5,6,28,LOTTO,49,0
1998-03-07,18,29,42,7,41,48,LOTTO,49,0
1998-03-14,47,27,43,3,9,26,LOTTO,49,0
1998-03-21,9,45,48,17,32,19,LOTTO,49,0
1998-03-28,31,48,40,5,11,32,LOTTO,49,0
1998-04-04,24,42,47,26,39,3,LOTTO,49,0
1998-04-11,13,48,32,20,25,9,LOTTO,49,0
1998-04-18,6,10,42,5,31,20,LOTTO,49,0
1998-04-25,20,18,14,30,21,33,LOTTO,49,0
1998-05-02,22,40,49,30,29,46,LOTTO,49,0
1998-05-09,16,1,22,30,39,3,LOTTO,49,0
1998-05-16,27,43,25,13,47,38,LOTTO,49,0
1998-05-23,49,8,42,34,40,46,LOTTO,49,0
1998-05-30,18,36,13,33,4,11,LOTTO,49,0
1998-06-06,1,33,43,10,22,31,LOTTO,49,0
1998-06-13,31,28,5,47,12,22,LOTTO,49,0
1998-06-20,4,9,13,21,8,5,LOTTO,49,0
1998-06-27,7,31,12,35,48,44,LOTTO,49,0
1998-07-04,21,38,26,9,39,19,LOTTO,49,0
1998-07-11,45,38,28,32,39,41,LOTTO,49,0
1998-07-18,46,36,48,35,43,3,LOTTO,49,0
1998-07-25,39,6,16,40,49,11,LOTTO,49,0
1998-08-01,35,34,28,42,22,25,LOTTO,49,0
1998-08-08,5,26,12,35,28,6,LOTTO,49,0
1998-08-15,40,10,38,43,23,45,LOTTO,49,0
1998-08-22,42,22,40,9,7,21,LOTTO,49,0
1998-08-29,30,20,1,14,6,39,LOTTO,49,0
1998-09-05,32,24,42,45,47,25,LOTTO,49,0
1998-09-12,31,38,23,19,29,45,LOTTO,49,0
1998-09-19,42,36,12,11,24,33,LOTTO,49,0
1998-09-26,8,20,5,38,21,6,LOTTO,49,0
1998-10-03,18,19,46,36,7,23,LOTTO,49,0
1998-10-10,20,45,21,19,16,42,LOTTO,49,0
1998-10-17,46,48,32,13,31,28,LOTTO,49,0
1998-10-24,4,6,26,38,39,17,LOTTO,49,0
1998-10-31,33,24,18,16,44,38,LOTTO,49,0
1998-11-07,26,39,13,14,33,21,LOTTO,49,0
1998-11-14,23,1,39,35,19,8,LOTTO,49,0
1998-11-21,17,45,26,33,47,13,LOTTO,49,0
1998-11-28,11,38,29,5,36,31,LOTTO,49,0
1998-12-05,30,8,32,21,39,14,LOTTO,49,0
1998-12-12,35,1,2,27,41,45,LOTTO,49,0
1998-12-19,29,41,2,43,32,22,LOTTO,49,0
1998-12-26,41,36,13,24,46,37,LOTTO,49,0
1999-01-02,40,41,8,16,23,29,LOTTO,49,0
1999-01-09,3,11,5,47,41,40,LOTTO,49,0
1999-01-16,41,14,43,40,12,42,LOTTO,49,0
1999-01-23,8,14,45,7,11,26,LOTTO,49,0
1999-01-30,49,43,2,39,8,16,LOTTO,49,0
1999-02-06,32,47,20,42,12,4,LOTTO,49,0
1999-02-13,11,22,1,30,17,8,LOTTO,49,0
1999-02-20,37,46,44,12,18,20,LOTTO,49,0
1999-02-27,21,37,19,14,46,29,LOTTO,49,0
1999-03-06,3,4,36,40,7,39,LOTTO,49,0
1999-03-13,47,13,25,48,8,28,LOTTO,49,0
1999-03-20,24,9,27,10,46,20,LOTTO,49,0
1999-03-27,43,35,12,46,14,48,LOTTO,49,0
1999-04-03,22,35,7,33,49,31,LOTTO,49,0
1999-04-10,6,17,49,26,21,22,LOTTO,49,0
1999-04-17,7,28,21,34,5,11,LOTTO,49,0
1999-04-24,30,31,45,21,25,19,LOTTO,49,0
1999-05-01,1,31,4,35,10,43,LOTTO,49,0
1999-05-08,49,44,39,17,46,37,LOTTO,49,0
1999-05-15,9,18,23,45,27,46,LOTTO,49,0
1999-05-22,35,25,3,7,8,5,LOTTO,49,0
1999-05-29,6,45,27,16,40,5,LOTTO,49,0
1999-06-05,43,24,17,8,42,22,LOTTO,49,0
1999-06-12,18,3,48,39,30,13,LOTTO,49,0
1999-06-19,45,20,22,40,16,21,LOTTO,49,0
1999-06-26,46,29,41,15,48,23,LOTTO,49,0
1999-07-03,9,47,36,22,48,13,LOTTO,49,0
1999-07-10,10,7,36,16,6,31,LOTTO,49,0
1999-07-17,1,35,38,32,3,11,LOTTO,49,0
1999-07-24,42,15,27,49,6,41,LOTTO,49,0
1999-07-31,13,48,23,27,29,35,LOTTO,49,0
1999-08-07,28,32,11,21,31,26,LOTTO,49,0
1999-08-14,17,44,29,32,2,21,LOTTO,49,0
1999-08-21,3,31,6,43,32,20,LOTTO,49,0
1999-08-28,12,47,15,10,4,9,LOTTO,49,0
1999-09-04,15,23,43,8,5,18,LOTTO,49,0
1999-09-11,48,7,22,42,30,25,LOTTO,49,0
1999-09-18,48,11,36,10,22,33,LOTTO,49,0
1999-09-25,24,23,25,48,46,1,LOTTO,49,0
1999-10-02,38,20,28,5,35,18,LOTTO,49,0
1999-10-09,24,47,22,2,3,49,LOTTO,49,0
1999-10-16,13,38,47,37,9,43,LOTTO,49,0
1999-10-23,20,11,23,33,37,47,LOTTO,49,0
1999-10-27,22,16,17,53,11,33,LOTTO,53,0
1999-10-30,29,18,1,36,10,27,LOTTO,53,0
1999-11-03,49,43,8,30,20,23,LOTTO,53,0
1999-11-06,29,46,6,48,53,5,LOTTO,53,0
1999-11-10,45,15,27,53,17,30,LOTTO,53,0
1999-11-13,35,4,50,28,36,14,LOTTO,53,0
1999-11-17,51,39,5,52,13,47,LOTTO,53,0
1999-11-20,11,31,14,26,25,34,LOTTO,53,0
1999-11-24,23,18,20,48,33,11,LOTTO,53,0
1999-11-27,24,21,50,16,22,45,LOTTO,53,0
1999-12-01,47,5,2,18,34,52,LOTTO,53,0
1999-12-04,15,41,28,8,12,47,LOTTO,53,0
1999-12-08,15,12,27,40,31,13,LOTTO,53,0
1999-12-11,34,11,19,28,14,17,LOTTO,53,0
1999-12-15,48,36,32,18,6,46,LOTTO,53,0
1999-12-18,3,46,52,12,44,14,LOTTO,53,0
1999-12-22,39,18,24,7,13,29,LOTTO,53,0
1999-12-25,4,23,12,42,32,41,LOTTO,53,0
1999-12-29,25,13,19,16,38,47,LOTTO,53,0
2000-01-01,14,47,19,8,26,36,LOTTO,53,0
2000-01-05,42,50,17,5,38,30,LOTTO,53,0
2000-01-08,20,6,26,23,19,51,LOTTO,53,0
2000-01-12,32,33,7,35,46,37,LOTTO,53,0
2000-01-15,48,39,19,23,15,27,LOTTO,53,0
2000-01-19,28,2,3,1,39,17,LOTTO,53,0
2000-01-22,25,16,42,36,15,11,LOTTO,53,0
2000-01-26,27,38,42,23,16,28,LOTTO,53,0
2000-01-29,11,8,17,51,49,14,LOTTO,53,0
2000-02-02,24,44,34,12,1,38,LOTTO,53,0
2000-02-05,49,47,27,21,51,13,LOTTO,53,0
2000-02-09,3,21,10,2,17,16,LOTTO,53,0
2000-02-12,28,45,8,10,3,19,LOTTO,53,0
2000-02-16,26,1,23,38,35,45,LOTTO,53,0
2000-02-19,38,33,11,52,30,44,LOTTO,53,0
2000-02-23,44,51,32,21,28,2,LOTTO,53,0
2000-02-26,27,17,24,51,13,28,LOTTO,53,0
2000-03-01,19,13,38,33,2,18,LOTTO,53,0
2000-03-04,43,8,18,15,34,50,LOTTO,53,0
2000-03-08,41,8,52,5,40,26,LOTTO,53,0
2000-03-11,35,4,46,44,23,3,LOTTO,53,0
2000-03-15,5,24,39,29,50,1,LOTTO,53,0
2000-03-18,45,1,14,7,49,15,LOTTO,53,0
2000-03-22,13,9,17,34,15,47,LOTTO,53,0
2000-03-25,7,18,40,42,23,25,LOTTO,53,0
2000-03-29,34,5,28,38,12,24,LOTTO,53,0
2000-04-01,20,12,16,27,2,37,LOTTO,53,0
2000-04-05,11,13,2,8,30,26,LOTTO,53,0
2000-04-08,22,32,7,43,15,1,LOTTO,53,0
2000-04-12,53,50,13,36,21,7,LOTTO,53,0
2000-04-15,10,17,20,42,29,47,LOTTO,53,0
2000-04-19,45,8,21,4,34,11,LOTTO,53,0
2000-04-22,44,16,52,40,22,15,LOTTO,53,0
2000-04-26,27,32,21,4,52,24,LOTTO,53,0
2000-04-29,43,25,45,32,4,46,LOTTO,53,0
2000-05-03,14,41,50,30,21,37,LOTTO,53,0
2000-05-06,38,8,36,9,2,20,LOTTO,53,0
2000-05-10,28,7,52,16,30,3,LOTTO,53,0
2000-05-13,18,26,48,7,15,47,LOTTO,53,0
2000-05-17,12,48,52,9,40,42,LOTTO,53,0
2000-05-20,37,14,9,28,38,16,LOTTO,53,0
2000-05-24,15,3,26,35,30,40,LOTTO,53,0
2000-05-27,35,51,44,38,52,30,LOTTO,53,0
2000-05-31,15,8,39,21,26,12,LOTTO,53,0
2000-06-03,5,15,52,46,33,40,LOTTO,53,0
2000-06-07,24,28,43,51,6,37,LOTTO,53,0
2000-06-10,4,33,32,25,5,50,LOTTO,53,0
2000-06-14,4,37,35,1,38,20,LOTTO,53,0
2000-06-17,17,8,49,10,6,35,LOTTO,53,0
2000-06-21,28,4,45,8,41,53,LOTTO,53,0
2000-06-24,6,4,37,53,38,33,LOTTO,53,0
2000-06-28,16,5,37,14,12,18,LOTTO,53,0
2000-07-01,3,30,35,45,16,43,LOTTO,53,0
2000-07-05,5,28,18,26,31,24,LOTTO,53,0
2000-07-08,14,36,47,20,43,11,LOTTO,53,0
2000-07-12,52,20,31,28,13,33,LOTTO,53,0
2000-07-15,17,10,42,15,43,28,LOTTO,53,0
2000-07-19,23,25,48,28,17,49,LOTTO,53,0
2000-07-22,9,14,10,42,26,34,LOTTO,53,0
2000-07-26,52,30,51,36,4,26,LOTTO,53,0
2000-07-29,53,51,22,37,35,27,LOTTO,53,0
2000-08-02,41,16,29,13,5,28,LOTTO,53,0
2000-08-05,10,48,34,31,2,53,LOTTO,53,0
2000-08-09,25,26,52,28,37,42,LOTTO,53,0
2000-08-12,7,9,45,10,24,43,LOTTO,53,0
2000-08-16,49,42,46,30,31,24,LOTTO,53,0
2000-08-19,42,26,34,23,32,21,LOTTO,53,0
2000-08-23,47,9,38,1,2,44,LOTTO,53,0
2000-08-26,51,46,27,4,17,48,LOTTO,53,0
2000-08-30,26,14,45,7,11,17,LOTTO,53,0
2000-09-02,36,52,12,13,4,5,LOTTO,53,0
2000-09-06,52,6,8,4,12,37,LOTTO,53,0
2000-09-09,19,13,41,35,34,6,LOTTO,53,0
2000-09-13,44,46,35,20,6,12,LOTTO,53,0
2000-09-16,47,23,9,44,39,16,LOTTO,53,0
2000-09-20,43,48,21,5,1,33,LOTTO,53,0
2000-09-23,30,39,48,11,50,13,LOTTO,53,0
2000-09-27,34,12,16,26,40,50,LOTTO,53,0
2000-09-30,29,19,52,35,53,30,LOTTO,53,0
2000-10-04,18,40,13,21,11,39,LOTTO,53,0
2000-10-07,30,28,36,25,23,40,LOTTO,53,0
2000-10-11,17,38,39,27,26,33,LOTTO,53,0
2000-10-14,44,6,31,52,42,46,LOTTO,53,0
2000-10-18,19,14,2,27,28,43,LOTTO,53,0
2000-10-21,12,22,44,11,27,32,LOTTO,53,0
2000-10-25,28,48,13,34,27,50,LOTTO,53,0
2000-10-28,24,53,50,48,8,47,LOTTO,53,0
2000-11-01,38,39,21,48,32,11,LOTTO,53,0
2000-11-04,7,38,18,41,3,30,LOTTO,53,0
2000-11-08,43,42,7,25,49,38,LOTTO,53,0
2000-11-11,21,8,6,27,43,18,LOTTO,53,0
2000-11-15,31,46,7,23,40,27,LOTTO,53,0
2000-11-18,46,23,19,49,7,15,LOTTO,53,0
2000-11-22,44,33,38,15,17,53,LOTTO,53,0
2000-11-25,26,5,10,50,49,46,LOTTO,53,0
2000-11-29,7,9,49,11,29,4,LOTTO,53,0
2000-12-02,5,48,26,46,36,21,LOTTO,53,0
2000-12-06,25,52,3,10,37,48,LOTTO,53,0
2000-12-09,38,47,40,35,45,50,LOTTO,53,0
2000-12-13,34,7,39,9,16,8,LOTTO,53,0
2000-12-16,22,31,29,43,14,39,LOTTO,53,0
2000-12-20,52,37,49,20,3,28,LOTTO,53,0
2000-12-23,37,34,47,8,29,27,LOTTO,53,0
2000-12-27,45,23,29,43,5,22,LOTTO,53,0
2000-12-30,41,45,48,52,51,26,LOTTO,53,0
2001-01-03,36,31,38,27,30,18,LOTTO,53,0
2001-01-06,44,17,26,19,22,15,LOTTO,53,0
2001-01-10,30,26,7,35,15,32,LOTTO,53,0
2001-01-13,36,41,25,53,3,38,LOTTO,53,0
2001-01-17,39,48,43,2,29,38,LOTTO,53,0
2001-01-20,43,10,1,23,16,32,LOTTO,53,0
2001-01-24,22,28,44,40,18,49,LOTTO,53,0
2001-01-27,7,21,3,46,33,38,LOTTO,53,0
2001-01-31,6,38,52,19,3,13,LOTTO,53,0
2001-02-03,33,30,52,10,21,22,LOTTO,53,0
2001-02-07,13,50,49,37,8,51,LOTTO,53,0
2001-02-10,21,52,42,11,17,36,LOTTO,53,0
2001-02-14,22,19,10,39,37,32,LOTTO,53,0
2001-02-17,5,46,44,4,50,33,LOTTO,53,0
2001-02-21,9,37,30,49,11,39,LOTTO,53,0
2001-02-24,20,3,27,10,18,25,LOTTO,53,0
2001-02-28,27,31,2,17,52,34,LOTTO,53,0
2001-03-03,4,40,45,50,13,28,LOTTO,53,0
2001-03-07,50,35,32,40,38,52,LOTTO,53,0
2001-03-10,40,11,18,26,32,28,LOTTO,53,0
2001-03-14,37,1,14,48,36,32,LOTTO,53,0
2001-03-17,48,18,26,32,12,10,LOTTO,53,0
2001-03-21,6,16,26,18,31,43,LOTTO,53,0
2001-03-24,29,8,1,36,20,17,LOTTO,53,0
2001-03-28,45,10,28,31,47,17,LOTTO,53,0
2001-03-31,14,13,30,1,12,49,LOTTO,53,0
2001-04-04,30,47,37,38,45,15,LOTTO,53,0
2001-04-07,4,26,7,3,42,18,LOTTO,53,0
2001-04-11,44,1,9,38,42,16,LOTTO,53,0
2001-04-14,47,13,27,25,6,9,LOTTO,53,0
2001-04-18,51,7,17,37,15,27,LOTTO,53,0
2001-04-21,39,24,41,50,5,46,LOTTO,53,0
2001-04-25,26,28,6,35,42,32,LOTTO,53,0
2001-04-28,51,22,29,17,5,2,LOTTO,53,0
2001-05-02,14,9,47,22,45,2,LOTTO,53,0
2001-05-05,31,4,51,40,38,37,LOTTO,53,0
2001-05-09,9,22,24,38,49,52,LOTTO,53,0
2001-05-12,26,6,27,44,3,29,LOTTO,53,0
2001-05-16,37,28,16,42,13,3,LOTTO,53,0
2001-05-19,50,32,27,16,22,46,LOTTO,53,0
2001-05-23,51,18,23,5,30,2,LOTTO,53,0
2001-05-26,26,47,1,18,41,27,LOTTO,53,0
2001-05-30,29,10,9,27,39,37,LOTTO,53,0
2001-06-02,22,43,9,3,10,23,LOTTO,53,0
2001-06-06,15,42,3,51,41,19,LOTTO,53,0
2001-06-09,24,40,5,41,9,26,LOTTO,53,0
2001-06-13,37,25,11,2,49,13,LOTTO,53,0
2001-06-16,2,27,14,35,40,28,LOTTO,53,0
2001-06-20,45,48,21,4,36,38,LOTTO,53,0
2001-06-23,16,32,18,7,12,1,LOTTO,53,0
2001-06-27,34,42,15,41,26,25,LOTTO,53,0
2001-06-30,2,3,7,49,30,52,LOTTO,53,0
2001-07-04,18,20,27,25,21,16,LOTTO,53,0
2001-07-07,49,18,53,29,5,33,LOTTO,53,0
2001-07-11,18,47,2,36,37,43,LOTTO,53,0
2001-07-14,35,15,10,45,41,7,LOTTO,53,0
2001-07-18,41,4,39,46,50,20,LOTTO,53,0
2001-07-21,40,46,37,27,18,43,LOTTO,53,0
2001-07-25,29,13,30,31,18,28,LOTTO,53,0
2001-07-28,50,36,42,7,31,43,LOTTO,53,0
2001-08-01,51,28,24,15,50,32,LOTTO,53,0
2001-08-04,40,20,49,4,5,38,LOTTO,53,0
2001-08-08,40,8,13,11,5,23,LOTTO,53,0
2001-08-11,50,13,44,23,43,27,LOTTO,53,0
2001-08-15,4,25,15,51,28,34,LOTTO,53,0
2001-08-18,53,52,1,4,17,32,LOTTO,53,0
2001-08-22,47,29,31,15,11,9,LOTTO,53,0
2001-08-25,1,44,42,37,46,9,LOTTO,53,0
2001-08-29,31,28,49,18,46,32,LOTTO,53,0
2001-09-01,45,6,50,43,17,26,LOTTO,53,0
2001-09-05,10,9,33,35,3,24,LOTTO,53,0
2001-09-08,11,35,29,30,2,25,LOTTO,53,0
2001-09-12,28,47,16,7,46,49,LOTTO,53,0
2001-09-15,19,21,24,49,17,53,LOTTO,53,0
2001-09-19,38,52,43,25,9,27,LOTTO,53,0
2001-09-22,53,39,17,1,44,23,LOTTO,53,0
2001-09-26,38,50,53,18,6,31,LOTTO,53,0
2001-09-29,31,4,32,49,29,53,LOTTO,53,0
2001-10-03,45,37,20,27,50,14,LOTTO,53,0
2001-10-06,9,38,42,43,3,4,LOTTO,53,0
2001-10-10,39,21,50,31,43,37,LOTTO,53,0
2001-10-13,3,24,18,14,26,23,LOTTO,53,0
2001-10-17,41,42,26,30,45,46,LOTTO,53,0
2001-10-20,15,16,34,7,24,38,LOTTO,53,0
2001-10-24,45,5,24,33,3,1,LOTTO,53,0
2001-10-27,15,42,1,40,27,36,LOTTO,53,0
2001-10-31,21,41,29,10,5,48,LOTTO,53,0
2001-11-03,49,12,32,17,44,31,LOTTO,53,0
2001-11-07,30,46,52,4,48,5,LOTTO,53,0
2001-11-10,44,27,51,3,32,16,LOTTO,53,0
2001-11-14,21,3,41,24,12,49,LOTTO,53,0
2001-11-17,53,48,24,19,41,43,LOTTO,53,0
2001-11-21,19,36,47,1,27,43,LOTTO,53,0
2001-11-24,15,3,1,26,22,8,LOTTO,53,0
2001-11-28,12,21,53,8,41,4,LOTTO,53,0
2001-12-01,28,39,45,47,15,34,LOTTO,53,0
2001-12-05,17,50,20,51,47,1,LOTTO,53,0
2001-12-08,29,28,8,36,2,22,LOTTO,53,0
2001-12-12,51,21,38,30,39,41,LOTTO,53,0
2001-12-15,48,53,10,27,19,33,LOTTO,53,0
2001-12-19,43,49,37,30,27,52,LOTTO,53,0
2001-12-22,20,52,31,13,23,25,LOTTO,53,0
2001-12-26,4,29,14,2,13,24,LOTTO,53,0
2001-12-29,43,27,4,30,23,1,LOTTO,53,0
2002-01-02,23,43,30,52,4,25,LOTTO,53,0
2002-01-05,20,5,8,49,29,41,LOTTO,53,0
2002-01-09,47,4,51,18,28,49,LOTTO,53,0
2002-01-12,2,7,43,36,10,50,LOTTO,53,0
2002-01-16,37,31,29,14,25,45,LOTTO,53,0
2002-01-19,33,50,45,41,36,46,LOTTO,53,0
2002-01-23,16,28,51,6,34,4,LOTTO,53,0
2002-01-26,18,46,6,50,14,23,LOTTO,53,0
2002-01-30,36,4,24,21,48,3,LOTTO,53,0
2002-02-02,51,30,14,52,15,39,LOTTO,53,0
2002-02-06,47,43,28,1,39,12,LOTTO,53,0
2002-02-09,24,50,43,38,2,40,LOTTO,53,0
2002-02-13,21,49,16,26,35,15,LOTTO,53,0
2002-02-16,10,28,27,20,17,11,LOTTO,53,0
2002-02-20,35,48,15,53,39,26,LOTTO,53,0
2002-02-23,32,18,14,35,31,20,LOTTO,53,0
2002-02-27,39,1,17,18,26,10,LOTTO,53,0
2002-03-02,30,20,38,41,25,52,LOTTO,53,0
2002-03-06,51,25,36,48,26,9,LOTTO,53,0
2002-03-09,38,42,31,21,32,52,LOTTO,53,0
2002-03-13,46,19,25,43,42,53,LOTTO,53,0
2002-03-16,29,46,40,37,33,52,LOTTO,53,0
2002-03-20,31,24,14,21,28,19,LOTTO,53,0
2002-03-23,32,31,39,19,11,29,LOTTO,53,0
2002-03-27,2,50,33,7,31,17,LOTTO,53,0
2002-03-30,49,38,5,45,3,1,LOTTO,53,0
2002-04-03,26,30,38,28,9,1,LOTTO,53,0
2002-04-06,16,5,25,19,30,7,LOTTO,53,0
2002-04-10,8,24,35,16,23,2,LOTTO,53,0
2002-04-13,18,7,37,21,52,17,LOTTO,53,0
2002-04-17,33,50,43,42,31,1,LOTTO,53,0
2002-04-20,45,16,7,35,26,38,LOTTO,53,0
2002-04-24,50,25,8,17,53,49,LOTTO,53,0
2002-04-27,31,48,25,26,23,21,LOTTO,53,0
2002-05-01,33,5,30,32,18,22,LOTTO,53,0
2002-05-04,29,23,35,44,32,41,LOTTO,53,0
2002-05-08,9,49,47,6,18,53,LOTTO,53,0
2002-05-11,50,9,2,6,13,49,LOTTO,53,0
2002-05-15,27,14,9,24,28,23,LOTTO,53,0
2002-05-18,44,42,12,14,10,22,LOTTO,53,0
2002-05-22,44,16,42,7,43,22,LOTTO,53,0
2002-05-25,44,3,25,53,6,4,LOTTO,53,0
2002-05-29,6,20,50,1,37,24,LOTTO,53,0
2002-06-01,7,47,45,27,10,52,LOTTO,53,0
2002-06-05,52,2,30,32,41,44,LOTTO,53,0
2002-06-08,26,14,50,4,13,9,LOTTO,53,0
2002-06-12,9,51,47,13,42,18,LOTTO,53,0
2002-06-15,10,14,51,50,52,28,LOTTO,53,0
2002-06-19,4,10,33,48,14,52,LOTTO,53,0
2002-06-22,44,14,10,28,12,6,LOTTO,53,0
2002-06-26,29,4,10,41,50,20,LOTTO,53,0
2002-06-29,47,17,2,15,1,36,LOTTO,53,0
2002-07-03,48,12,51,35,36,6,LOTTO,53,0
2002-07-06,3,21,37,41,8,52,LOTTO,53,0
2002-07-10,15,14,44,12,19,40,LOTTO,53,0
2002-07-13,19,16,5,20,10,1,LOTTO,53,0
2002-07-17,17,4,14,40,8,24,LOTTO,53,0
2002-07-20,4,50,19,30,31,9,LOTTO,53,0
2002-07-24,38,25,35,8,51,45,LOTTO,53,0
2002-07-27,26,17,11,39,12,23,LOTTO,53,0
2002-07-31,47,49,28,8,51,15,LOTTO,53,0
2002-08-03,39,17,15,51,36,2,LOTTO,53,0
2002-08-07,15,28,46,18,33,40,LOTTO,53,0
2002-08-10,17,29,9,5,28,36,LOTTO,53,0
2002-08-14,38,35,9,25,50,28,LOTTO,53,0
2002-08-17,10,42,8,27,12,36,LOTTO,53,0
2002-08-21,12,42,28,20,35,32,LOTTO,53,0
2002-08-24,13,4,32,6,30,34,LOTTO,53,0
2002-08-28,38,11,48,46,45,31,LOTTO,53,0
2002-08-31,22,46,40,27,51,41,LOTTO,53,0
2002-09-04,43,21,40,32,22,30,LOTTO,53,0
2002-09-07,22,36,41,10,16,29,LOTTO,53,0
2002-09-11,7,53,18,25,32,49,LOTTO,53,0
2002-09-14,34,9,20,4,17,26,LOTTO,53,0
2002-09-18,8,53,6,25,33,17,LOTTO,53,0
2002-09-21,25,11,7,21,36,43,LOTTO,53,0
2002-09-25,39,7,4,26,50,21,LOTTO,53,0
2002-09-28,36,13,37,38,32,28,LOTTO,53,0
2002-10-02,12,14,24,6,40,13,LOTTO,53,0
2002-10-05,9,16,26,15,28,42,LOTTO,53,0
2002-10-09,47,20,40,26,41,10,LOTTO,53,0
2002-10-12,41,20,52,50,17,32,LOTTO,53,0
2002-10-16,36,34,3,51,37,40,LOTTO,53,0
2002-10-19,52,11,43,36,27,30,LOTTO,53,0
2002-10-23,30,16,49,17,41,31,LOTTO,53,0
2002-10-26,11,48,37,51,25,20,LOTTO,53,0
2002-10-30,19,20,23,29,5,31,LOTTO,53,0
2002-11-02,40,7,37,29,11,1,LOTTO,53,0
2002-11-06,12,5,21,38,9,27,LOTTO,53,0
2002-11-09,15,25,24,4,36,44,LOTTO,53,0
2002-11-13,44,32,38,12,22,27,LOTTO,53,0
2002-11-16,9,15,1,23,2,40,LOTTO,53,0
2002-11-20,21,39,44,12,17,23,LOTTO,53,0
2002-11-23,1,36,39,23,34,22,LOTTO,53,0
2002-11-27,17,5,32,37,28,4,LOTTO,53,0
2002-11-30,5,7,43,12,49,13,LOTTO,53,0
2002-12-04,27,34,38,29,48,15,LOTTO,53,0
2002-12-07,7,49,32,3,1,34,LOTTO,53,0
2002-12-11,24,53,10,8,15,48,LOTTO,53,0
2002-12-14,18,14,6,36,45,39,LOTTO,53,0
2002-12-18,24,2,45,19,26,4,LOTTO,53,0
2002-12-21,21,9,34,20,47,37,LOTTO,53,0
2002-12-25,47,7,39,29,13,21,LOTTO,53,0
2002-12-28,38,50,22,23,29,35,LOTTO,53,0
2003-01-01,20,38,45,34,28,35,LOTTO,53,0
2003-01-04,35,14,30,31,19,15,LOTTO,53,0
2003-01-08,27,29,52,1,51,31,LOTTO,53,0
2003-01-11,21,47,53,26,48,10,LOTTO,53,0
2003-01-15,11,37,23,43,38,16,LOTTO,53,0
2003-01-18,25,31,22,44,24,7,LOTTO,53,0
2003-01-22,25,38,36,33,9,39,LOTTO,53,0
2003-01-25,8,9,19,35,33,21,LOTTO,53,0
2003-01-29,5,51,53,1,24,16,LOTTO,53,0
2003-02-01,23,50,5,3,8,18,LOTTO,53,0
2003-02-05,14,12,3,42,38,16,LOTTO,53,0
2003-02-08,19,31,2,10,38,36,LOTTO,53,0
2003-02-12,24,8,30,23,20,40,LOTTO,53,0
2003-02-15,30,49,1,48,35,3,LOTTO,53,0
2003-02-19,10,50,34,4,52,27,LOTTO,53,0
2003-02-22,15,24,16,5,35,33,LOTTO,53,0
2003-02-26,9,18,8,42,44,3,LOTTO,53,0
2003-03-01,41,52,26,35,24,37,LOTTO,53,0
2003-03-05,47,50,25,40,3,42,LOTTO,53,0
2003-03-08,5,8,22,6,51,53,LOTTO,53,0
2003-03-12,23,50,45,22,35,53,LOTTO,53,0
2003-03-15,22,30,11,47,53,1,LOTTO,53,0
2003-03-19,22,45,44,46,21,53,LOTTO,53,0
2003-03-22,16,12,32,19,6,28,LOTTO,53,0
2003-03-26,36,13,8,48,3,23,LOTTO,53,0
2003-03-29,25,13,22,52,30,47,LOTTO,53,0
2003-04-02,36,29,2,17,42,13,LOTTO,53,0
2003-04-05,24,2,37,53,34,29,LOTTO,53,0
2003-04-09,43,15,40,2,39,50,LOTTO,53,0
2003-04-12,11,6,3,25,10,13,LOTTO,53,0
2003-04-16,45,42,2,35,52,31,LOTTO,53,0
2003-04-19,52,28,18,45,15,46,LOTTO,53,0
2003-04-23,30,21,49,13,51,34,LOTTO,53,0
2003-04-26,28,39,22,43,47,17,LOTTO,53,0
2003-04-30,41,16,6,10,49,45,LOTTO,53,0
2003-05-03,18,48,42,11,21,4,LOTTO,53,0
2003-05-07,36,46,16,40,38,35,LOTTO,53,0
2003-05-10,48,34,33,31,20,10,LOTTO,53,0
2003-05-14,16,6,30,35,52,8,LOTTO,53,0
2003-05-17,14,10,7,33,31,15,LOTTO,53,0
2003-05-21,9,44,7,6,27,28,LOTTO,53,0
2003-05-24,25,35,43,53,30,23,LOTTO,53,0
2003-05-28,24,47,27,8,13,19,LOTTO,53,0
2003-05-31,37,25,38,43,34,3,LOTTO,53,0
2003-06-04,45,21,28,6,7,50,LOTTO,53,0
2003-06-07,17,51,19,53,16,42,LOTTO,53,0
2003-06-11,51,5,32,53,41,35,LOTTO,53,0
2003-06-14,6,25,19,18,40,21,LOTTO,53,0
2003-06-18,28,3,14,17,8,27,LOTTO,53,0
2003-06-21,8,40,38,7,39,9,LOTTO,53,0
2003-06-25,31,34,20,7,23,30,LOTTO,53,0
2003-06-28,46,24,39,41,8,11,LOTTO,53,0
2003-07-02,22,20,35,43,52,26,LOTTO,53,0
2003-07-05,1,3,40,28,38,43,LOTTO,53,0
2003-07-09,28,12,3,15,45,26,LOTTO,53,0
2003-07-12,50,13,32,4,48,36,LOTTO,53,0
2003-07-16,18,47,42,32,33,28,LOTTO,53,0
2003-07-19,10,37,44,5,17,38,LOTTO,53,0
2003-07-23,11,50,6,32,45,9,LOTTO,53,0
2003-07-26,21,47,12,37,13,31,LOTTO,53,0
2003-07-30,44,18,50,22,16,38,LOTTO,53,0
2003-08-02,3,33,37,18,47,31,LOTTO,53,0
2003-08-06,6,2,36,30,33,37,LOTTO,53,0
2003-08-09,28,29,10,1,24,32,LOTTO,53,0
2003-08-13,46,39,7,40,1,12,LOTTO,53,0
2003-08-16,53,46,33,11,43,9,LOTTO,53,0
2003-08-20,45,52,19,4,22,25,LOTTO,53,0
2003-08-23,47,7,52,8,16,19,LOTTO,53,0
2003-08-27,50,38,25,33,37,16,LOTTO,53,0
2003-08-30,7,24,40,44,50,15,LOTTO,53,0
2003-09-03,2,42,16,21,35,37,LOTTO,53,0
2003-09-06,51,30,26,5,6,9,LOTTO,53,0
2003-09-10,28,40,41,13,38,19,LOTTO,53,0
2003-09-13,46,26,18,7,2,32,LOTTO,53,0
2003-09-17,46,53,40,25,52,28,LOTTO,53,0
2003-09-20,38,31,53,17,44,33,LOTTO,53,0
2003-09-24,4,35,1,6,39,34,LOTTO,53,0
2003-09-27,12,26,36,48,44,25,LOTTO,53,0
2003-10-01,5,46,25,29,49,51,LOTTO,53,0
2003-10-04,4,7,40,15,38,25,LOTTO,53,0
2003-10-08,1,6,16,32,4,39,LOTTO,53,0
2003-10-11,16,38,17,44,11,50,LOTTO,53,0
2003-10-15,39,37,20,44,42,21,LOTTO,53,0
2003-10-18,27,4,45,48,31,42,LOTTO,53,0
2003-10-22,19,30,35,49,31,8,LOTTO,53,0
2003-10-25,34,47,19,27,6,10,LOTTO,53,0
2003-10-29,12,30,53,52,11,40,LOTTO,53,0
2003-11-01,47,31,14,20,29,24,LOTTO,53,0
2003-11-05,15,34,30,41,7,19,LOTTO,53,0
2003-11-08,11,47,3,51,46,2,LOTTO,53,0
2003-11-12,12,35,15,17,18,25,LOTTO,53,0
2003-11-15,42,9,18,24,30,35,LOTTO,53,0
2003-11-19,19,11,32,48,47,20,LOTTO,53,0
2003-11-22,15,11,17,44,26,47,LOTTO,53,0
2003-11-26,15,3,41,11,52,22,LOTTO,53,0
2003-11-29,15,21,41,3,33,2,LOTTO,53,0
2003-12-03,46,20,5,1,33,12,LOTTO,53,0
2003-12-06,49,13,34,17,33,40,LOTTO,53,0
2003-12-10,11,46,53,17,30,35,LOTTO,53,0
2003-12-13,4,48,45,8,1,12,LOTTO,53,0
2003-12-17,4,43,10,8,28,27,LOTTO,53,0
2003-12-20,14,45,41,21,32,3,LOTTO,53,0
2003-12-24,1,26,36,20,23,21,LOTTO,53,0
2003-12-27,12,10,48,5,22,18,LOTTO,53,0
2003-12-31,38,24,4,39,42,23,LOTTO,53,0
2004-01-03,2,5,53,26,41,17,LOTTO,53,0
2004-01-07,4,20,11,23,41,44,LOTTO,53,0
2004-01-10,3,42,13,41,15,4,LOTTO,53,0
2004-01-14,10,3,28,11,49,42,LOTTO,53,0
2004-01-17,40,44,2,46,41,12,LOTTO,53,0
2004-01-21,3,38,40,14,7,27,LOTTO,53,0
2004-01-24,49,14,2,45,13,44,LOTTO,53,0
2004-01-28,8,47,52,43,2,37,LOTTO,53,0
2004-01-31,26,28,41,10,25,18,LOTTO,53,0
2004-02-04,44,22,13,32,38,40,LOTTO,53,0
2004-02-07,49,42,39,11,1,28,LOTTO,53,0
2004-02-11,45,10,20,43,30,13,LOTTO,53,0
2004-02-14,50,31,3,21,5,27,LOTTO,53,0
2004-02-18,14,17,45,2,47,51,LOTTO,53,0
2004-02-21,12,49,18,42,20,37,LOTTO,53,0
2004-02-25,41,53,42,36,37,24,LOTTO,53,0
2004-02-28,20,43,33,12,13,27,LOTTO,53,0
2004-03-03,51,11,4,9,47,8,LOTTO,53,0
2004-03-06,44,25,11,9,42,48,LOTTO,53,0
2004-03-10,30,14,11,34,10,21,LOTTO,53,0
2004-03-13,51,25,42,33,40,15,LOTTO,53,0
2004-03-17,50,3,47,15,34,45,LOTTO,53,0
2004-03-20,35,46,27,6,28,48,LOTTO,53,0
2004-03-24,18,5,44,8,35,52,LOTTO,53,0
2004-03-27,41,52,21,49,15,43,LOTTO,53,0
2004-03-31,16,6,22,13,24,4,LOTTO,53,0
2004-04-03,49,30,16,41,36,23,LOTTO,53,0
2004-04-07,43,22,34,5,19,53,LOTTO,53,0
2004-04-10,4,42,16,52,25,13,LOTTO,53,0
2004-04-14,48,17,47,3,20,40,LOTTO,53,0
2004-04-17,42,47,1,36,13,22,LOTTO,53,0
2004-04-21,24,43,44,49,11,20,LOTTO,53,0
2004-04-24,47,33,30,15,25,12,LOTTO,53,0
2004-04-28,9,25,22,21,50,53,LOTTO,53,0
2004-05-01,29,41,11,13,51,18,LOTTO,53,0
2004-05-05,27,4,23,21,12,3,LOTTO,53,0
2004-05-08,21,2,27,18,16,10,LOTTO,53,0
2004-05-12,29,48,37,15,18,51,LOTTO,53,0
2004-05-15,48,4,25,31,18,12,LOTTO,53,0
2004-05-19,13,15,17,33,39,44,LOTTO,53,0
2004-05-22,2,25,14,49,15,47,LOTTO,53,0
2004-05-26,6,33,15,26,12,47,LOTTO,53,0
2004-05-29,26,44,39,23,30,17,LOTTO,53,0
2004-06-02,38,8,53,22,35,37,LOTTO,53,0
2004-06-05,24,53,16,12,36,42,LOTTO,53,0
2004-06-09,18,28,43,12,34,49,LOTTO,53,0
2004-06-12,22,15,11,24,8,20,LOTTO,53,0
2004-06-16,39,37,47,12,43,21,LOTTO,53,0
2004-06-19,17,35,36,41,5,34,LOTTO,53,0
2004-06-23,51,33,18,27,19,17,LOTTO,53,0
2004-06-26,28,32,4,35,12,18,LOTTO,53,0
2004-06-30,21,24,31,17,2,29,LOTTO,53,0
2004-07-03,12,16,49,48,51,28,LOTTO,53,0
2004-07-07,47,29,16,45,32,42,LOTTO,53,0
2004-07-10,44,23,36,33,16,8,LOTTO,53,0
2004-07-14,19,28,20,36,45,34,LOTTO,53,0
2004-07-17,36,12,3,46,25,47,LOTTO,53,0
2004-07-21,23,9,43,11,33,36,LOTTO,53,0
2004-07-24,48,20,34,19,15,28,LOTTO,53,0
2004-07-28,9,12,8,44,32,7,LOTTO,53,0
2004-07-31,45,50,6,12,52,14,LOTTO,53,0
2004-08-04,17,28,1,40,16,26,LOTTO,53,0
2004-08-07,15,18,14,28,25,7,LOTTO,53,0
2004-08-11,10,35,13,44,3,25,LOTTO,53,0
2004-08-14,48,3,51,6,4,20,LOTTO,53,0
2004-08-18,44,9,49,31,6,22,LOTTO,53,0
2004-08-21,46,30,17,16,19,48,LOTTO,53,0
2004-08-25,17,14,3,43,8,41,LOTTO,53,0
2004-08-28,53,23,39,36,46,10,LOTTO,53,0
2004-09-01,11,40,31,7,9,18,LOTTO,53,0
2004-09-04,12,8,6,37,11,1,LOTTO,53,0
2004-09-08,30,20,50,34,43,8,LOTTO,53,0
2004-09-11,45,12,39,42,29,8,LOTTO,53,0
2004-09-15,40,17,29,22,1,34,LOTTO,53,0
2004-09-18,2,31,16,43,32,4,LOTTO,53,0
2004-09-22,11,37,48,17,36,26,LOTTO,53,0
2004-09-25,18,20,7,32,4,25,LOTTO,53,0
2004-09-29,7,35,1,26,50,22,LOTTO,53,0
2004-10-02,16,52,6,38,36,8,LOTTO,53,0
2004-10-06,21,36,30,2,23,48,LOTTO,53,0
2004-10-09,49,40,25,28,47,3,LOTTO,53,0
2004-10-13,42,27,50,48,26,10,LOTTO,53,0
2004-10-16,36,24,13,34,20,50,LOTTO,53,0
2004-10-20,10,24,48,8,26,49,LOTTO,53,0
2004-10-23,27,22,37,5,40,52,LOTTO,53,0
2004-10-27,42,26,6,40,39,7,LOTTO,53,0
2004-10-30,51,31,28,13,10,30,LOTTO,53,0
2004-11-03,22,13,37,39,32,12,LOTTO,53,0
2004-11-06,37,3,31,48,33,13,LOTTO,53,0
2004-11-10,1,34,35,16,41,47,LOTTO,53,0
2004-11-13,27,52,10,25,42,14,LOTTO,53,0
2004-11-17,10,33,35,20,51,6,LOTTO,53,0
2004-11-20,10,46,15,39,22,52,LOTTO,53,0
2004-11-24,8,31,29,7,33,28,LOTTO,53,0
2004-11-27,4,30,14,12,42,46,LOTTO,53,0
2004-12-01,49,2,44,52,39,20,LOTTO,53,0
2004-12-04,6,41,7,46,50,13,LOTTO,53,0
2004-12-08,26,46,38,13,34,48,LOTTO,53,0
2004-12-11,41,10,38,33,39,44,LOTTO,53,0
2004-12-15,51,17,21,35,52,29,LOTTO,53,0
2004-12-18,46,26,52,38,1,35,LOTTO,53,0
2004-12-22,2,29,35,1,36,16,LOTTO,53,0
2004-12-25,11,42,44,18,53,12,LOTTO,53,0
2004-12-29,19,38,50,28,20,21,LOTTO,53,0
2005-01-01,46,21,11,35,32,42,LOTTO,53,0
2005-01-05,2,9,21,22,33,49,LOTTO,53,0
2005-01-08,43,4,30,25,39,28,LOTTO,53,0
2005-01-12,15,13,42,1,2,6,LOTTO,53,0
2005-01-15,46,31,52,47,21,50,LOTTO,53,0
2005-01-19,22,41,19,51,15,32,LOTTO,53,0
2005-01-22,7,24,33,35,40,43,LOTTO,53,0
2005-01-26,10,35,22,12,32,1,LOTTO,53,0
2005-01-29,4,15,43,30,14,50,LOTTO,53,0
2005-02-02,4,8,22,25,29,42,LOTTO,53,0
2005-02-05,3,5,13,15,21,26,LOTTO,53,0
2005-02-09,9,11,29,39,45,47,LOTTO,53,0
2005-02-12,3,17,19,28,33,48,LOTTO,53,0
2005-02-16,6,7,8,35,48,52,LOTTO,53,0
2005-02-19,7,13,26,28,34,43,LOTTO,53,0
2005-02-23,4,13,17,18,25,38,LOTTO,53,0
2005-02-26,1,20,27,32,38,51,LOTTO,53,0
2005-03-02,5,12,19,25,40,43,LOTTO,53,0
2005-03-05,2,17,18,39,41,43,LOTTO,53,0
2005-03-09,2,4,26,32,39,52,LOTTO,53,0
2005-03-12,3,4,19,29,34,37,LOTTO,53,0
2005-03-16,5,30,31,36,41,43,LOTTO,53,0
2005-03-19,18,30,37,39,42,45,LOTTO,53,0
2005-03-23,5,13,23,33,43,46,LOTTO,53,0
2005-03-26,6,12,15,41,42,52,LOTTO,53,0
2005-03-30,1,19,37,38,46,53,LOTTO,53,0
2005-04-02,12,13,16,28,30,44,LOTTO,53,0
2005-04-06,3,11,18,29,52,53,LOTTO,53,0
2005-04-09,10,15,23,28,35,49,LOTTO,53,0
2005-04-13,8,9,10,31,47,50,LOTTO,53,0
2005-04-16,5,11,23,31,39,48,LOTTO,53,0
2005-04-20,1,7,25,30,41,46,LOTTO,53,0
2005-04-23,9,12,14,18,19,23,LOTTO,53,0
2005-04-27,2,25,26,27,30,37,LOTTO,53,0
2005-04-30,8,18,20,31,45,50,LOTTO,53,0
2005-05-04,10,19,22,33,34,44,LOTTO,53,0
2005-05-07,3,25,29,47,50,53,LOTTO,53,0
2005-05-11,4,5,9,17,19,30,LOTTO,53,0
2005-05-14,5,10,16,21,47,53,LOTTO,53,0
2005-05-18,14,20,21,29,36,44,LOTTO,53,0
2005-05-21,2,16,17,18,20,29,LOTTO,53,0
2005-05-25,13,32,33,34,47,49,LOTTO,53,0
2005-05-28,7,18,23,25,31,32,LOTTO,53,0
2005-06-01,18,19,21,34,36,49,LOTTO,53,0
2005-06-04,9,11,16,22,44,52,LOTTO,53,0
2005-06-08,17,21,22,40,43,45,LOTTO,53,0
2005-06-11,2,7,9,12,20,23,LOTTO,53,0
2005-06-15,2,20,22,30,31,51,LOTTO,53,0
2005-06-18,1,5,18,20,22,47,LOTTO,53,0
2005-06-22,5,14,22,35,41,42,LOTTO,53,0
2005-06-25,6,8,16,28,46,48,LOTTO,53,0
2005-06-29,1,3,6,11,27,44,LOTTO,53,0
2005-07-02,1,15,22,30,48,51,LOTTO,53,0
2005-07-06,1,11,18,24,25,47,LOTTO,53,0
2005-07-09,6,8,18,32,38,45,LOTTO,53,0
2005-07-13,4,13,21,33,34,47,LOTTO,53,0
2005-07-16,1,20,33,35,37,48,LOTTO,53,0
2005-07-20,1,6,9,16,22,43,LOTTO,53,0
2005-07-23,1,8,15,36,37,44,LOTTO,53,0
2005-07-27,7,9,26,32,40,51,LOTTO,53,0
2005-07-30,19,22,24,29,30,34,LOTTO,53,0
2005-08-03,4,11,21,30,32,46,LOTTO,53,0
2005-08-06,16,22,25,28,39,53,LOTTO,53,0
2005-08-10,2,20,22,32,40,44,LOTTO,53,0
2005-08-13,6,19,21,27,40,51,LOTTO,53,0
2005-08-17,24,28,31,32,34,52,LOTTO,53,0
2005-08-20,22,30,37,42,44,51,LOTTO,53,0
2005-08-24,6,7,13,29,44,53,LOTTO,53,0
2005-08-27,2,14,21,23,32,34,LOTTO,53,0
2005-08-31,3,13,14,19,23,53,LOTTO,53,0
2005-09-03,9,11,18,27,40,51,LOTTO,53,0
2005-09-07,1,15,21,40,46,49,LOTTO,53,0
2005-09-10,7,20,40,41,43,47,LOTTO,53,0
2005-09-14,3,6,11,15,39,51,LOTTO,53,0
2005-09-17,10,42,45,47,52,53,LOTTO,53,0
2005-09-21,16,30,35,38,44,53,LOTTO,53,0
2005-09-24,9,11,18,27,38,39,LOTTO,53,0
2005-09-28,17,18,25,36,39,45,LOTTO,53,0
2005-10-01,5,15,29,38,45,49,LOTTO,53,0
2005-10-05,14,19,28,31,36,40,LOTTO,53,0
2005-10-08,13,20,22,30,39,48,LOTTO,53,0
2005-10-12,17,22,25,30,43,52,LOTTO,53,0
2005-10-15,6,11,16,24,40,52,LOTTO,53,0
2005-10-19,3,27,34,36,42,44,LOTTO,53,0
2005-10-22,4,19,27,35,43,48,LOTTO,53,0
2005-10-26,17,33,34,46,49,52,LOTTO,53,0
2005-10-29,10,25,29,40,43,48,LOTTO,53,0
2005-11-02,16,39,43,46,49,50,LOTTO,53,0
2005-11-05,2,3,16,21,36,39,LOTTO,53,0
2005-11-09,1,3,6,18,44,49,LOTTO,53,0
2005-11-12,1,8,32,34,49,52,LOTTO,53,0
2005-11-16,6,8,18,39,45,51,LOTTO,53,0
2005-11-19,5,10,27,44,45,50,LOTTO,53,0
2005-11-23,6,18,21,23,35,36,LOTTO,53,0
2005-11-26,6,19,37,49,51,53,LOTTO,53,0
2005-11-30,3,13,15,29,35,50,LOTTO,53,0
2005-12-03,11,24,25,26,29,51,LOTTO,53,0
2005-12-07,2,7,10,14,16,43,LOTTO,53,0
2005-12-10,11,19,33,36,43,44,LOTTO,53,0
2005-12-14,8,12,38,44,47,50,LOTTO,53,0
2005-12-17,9,10,16,22,25,28,LOTTO,53,0
2005-12-21,3,4,5,9,44,51,LOTTO,53,0
2005-12-24,1,22,26,40,48,50,LOTTO,53,0
2005-12-28,1,22,26,29,31,39,LOTTO,53,0
2005-12-31,1,8,12,19,38,53,LOTTO,53,0
2006-01-04,7,10,29,33,34,41,LOTTO,53,0
2006-01-07,1,3,6,11,14,50,LOTTO,53,0
2006-01-11,15,22,29,31,35,51,LOTTO,53,0
2006-01-14,8,21,29,35,41,43,LOTTO,53,0
2006-01-18,13,26,30,32,37,42,LOTTO,53,0
2006-01-21,5,24,25,33,38,43,LOTTO,53,0
2006-01-25,8,12,16,23,38,41,LOTTO,53,0
2006-01-28,20,26,28,30,32,45,LOTTO,53,0
2006-02-01,15,27,32,33,34,45,LOTTO,53,0
2006-02-04,7,20,21,33,39,51,LOTTO,53,0
2006-02-08,2,16,24,30,39,40,LOTTO,53,0
2006-02-11,7,10,11,30,37,39,LOTTO,53,0
2006-02-15,7,11,23,24,25,29,LOTTO,53,0
2006-02-18,5,26,34,40,41,49,LOTTO,53,0
2006-02-22,26,31,34,44,46,53,LOTTO,53,0
2006-02-25,17,29,32,47,48,52,LOTTO,53,0
2006-03-01,2,7,13,36,37,45,LOTTO,53,0
2006-03-04,11,17,20,27,35,38,LOTTO,53,0
2006-03-08,10,11,23,29,41,45,LOTTO,53,0
2006-03-11,7,10,13,25,29,32,LOTTO,53,0
2006-03-15,14,15,29,46,49,52,LOTTO,53,0
2006-03-18,4,21,28,44,48,49,LOTTO,53,0
2006-03-22,1,9,28,36,44,48,LOTTO,53,0
2006-03-25,5,6,37,40,44,51,LOTTO,53,0
2006-03-29,2,7,12,20,26,45,LOTTO,53,0
2006-04-01,21,25,36,39,43,51,LOTTO,53,0
2006-04-05,13,30,32,37,40,46,LOTTO,53,0
2006-04-08,9,19,24,47,48,51,LOTTO,53,0
2006-04-12,5,9,19,26,45,46,LOTTO,53,0
2006-04-15,2,4,12,35,44,46,LOTTO,53,0
2006-04-19,12,13,17,27,32,36,LOTTO,53,0
2006-04-22,5,10,23,31,43,47,LOTTO,53,0
2006-04-26,1,28,30,39,49,50,LOTTO,53,0
2006-04-29,15,17,21,27,29,43,LOTTO,53,0
2006-05-03,4,7,9,12,18,22,LOTTO,53,0
2006-05-06,7,24,28,38,50,53,LOTTO,53,0
2006-05-10,12,14,20,39,42,49,LOTTO,53,0
2006-05-13,1,5,12,27,33,52,LOTTO,53,0
2006-05-17,2,4,8,16,24,46,LOTTO,53,0
2006-05-20,15,20,23,30,34,41,LOTTO,53,0
2006-05-24,3,12,19,23,28,35,LOTTO,53,0
2006-05-27,2,3,8,33,40,51,LOTTO,53,0
2006-05-31,14,24,30,34,43,44,LOTTO,53,0
2006-06-03,1,12,23,26,37,46,LOTTO,53,0
2006-06-07,15,24,29,32,51,53,LOTTO,53,0
2006-06-10,7,15,30,31,34,35,LOTTO,53,0
2006-06-14,5,15,16,18,21,36,LOTTO,53,0
2006-06-17,10,12,28,38,39,49,LOTTO,53,0
2006-06-21,6,14,31,32,48,51,LOTTO,53,0
2006-06-24,7,15,38,46,47,50,LOTTO,53,0
2006-06-28,17,26,30,39,49,50,LOTTO,53,0
2006-07-01,2,13,16,34,36,43,LOTTO,53,0
2006-07-05,1,7,8,11,14,52,LOTTO,53,0
2006-07-08,4,7,25,37,45,51,LOTTO,53,0
2006-07-12,9,27,28,30,42,51,LOTTO,53,0
2006-07-15,13,27,30,33,34,40,LOTTO,53,0
2006-07-19,3,29,32,44,48,50,LOTTO,53,0
2006-07-22,9,33,40,42,50,51,LOTTO,53,0
2006-07-26,1,6,17,30,42,49,LOTTO,53,0
2006-07-29,16,25,27,30,34,44,LOTTO,53,0
2006-08-02,3,9,18,38,39,41,LOTTO,53,0
2006-08-05,13,15,18,22,29,44,LOTTO,53,0
2006-08-09,14,20,30,31,33,34,LOTTO,53,0
2006-08-12,11,13,18,26,44,50,LOTTO,53,0
2006-08-16,3,6,21,25,27,32,LOTTO,53,0
2006-08-19,5,13,27,29,32,37,LOTTO,53,0
2006-08-23,5,10,22,25,39,45,LOTTO,53,0
2006-08-26,13,15,24,26,35,43,LOTTO,53,0
2006-08-30,6,10,11,31,36,52,LOTTO,53,0
2006-09-02,1,5,18,22,27,50,LOTTO,53,0
2006-09-06,10,12,23,27,50,53,LOTTO,53,0
2006-09-09,3,4,15,39,44,48,LOTTO,53,0
2006-09-13,4,10,11,26,27,39,LOTTO,53,0
2006-09-16,7,10,15,24,25,29,LOTTO,53,0
2006-09-20,13,15,29,35,45,49,LOTTO,53,0
2006-09-23,5,17,28,31,47,51,LOTTO,53,0
2006-09-27,3,7,8,10,22,42,LOTTO,53,0
2006-09-30,6,17,23,24,36,40,LOTTO,53,0
2006-10-04,7,8,27,28,30,33,LOTTO,53,0
2006-10-07,6,37,41,43,45,47,LOTTO,53,0
2006-10-11,12,15,24,30,40,48,LOTTO,53,0
2006-10-14,5,9,14,21,22,42,LOTTO,53,0
2006-10-18,3,5,23,35,36,42,LOTTO,53,0
2006-10-21,4,7,8,11,20,27,LOTTO,53,0
2006-10-25,13,20,27,33,41,43,LOTTO,53,0
2006-10-28,8,9,20,43,48,53,LOTTO,53,0
2006-11-01,1,24,28,34,49,51,LOTTO,53,0
2006-11-04,5,7,23,24,36,48,LOTTO,53,0
2006-11-08,23,24,28,32,33,39,LOTTO,53,0
2006-11-11,15,29,40,50,52,53,LOTTO,53,0
2006-11-15,6,12,13,34,42,52,LOTTO,53,0
2006-11-18,5,11,28,37,39,48,LOTTO,53,0
2006-11-22,21,31,45,47,48,52,LOTTO,53,0
2006-11-25,10,11,12,35,41,52,LOTTO,53,0
2006-11-29,9,14,25,37,42,52,LOTTO,53,0
2006-12-02,21,22,23,40,48,53,LOTTO,53,0
2006-12-06,9,11,17,18,45,46,LOTTO,53,0
2006-12-09,1,18,25,33,39,43,LOTTO,53,0
2006-12-13,18,23,26,40,43,45,LOTTO,53,0
2006-12-16,1,6,32,38,41,53,LOTTO,53,0
2006-12-20,4,34,35,36,39,52,LOTTO,53,0
2006-12-23,4,10,28,35,44,49,LOTTO,53,0
2006-12-27,10,30,39,41,48,49,LOTTO,53,0
2006-12-30,8,14,15,16,18,26,LOTTO,53,0
2007-01-03,8,24,33,36,50,51,LOTTO,53,0
2007-01-06,12,19,20,29,36,49,LOTTO,53,0
2007-01-10,3,10,26,40,41,52,LOTTO,53,0
2007-01-13,16,24,28,37,46,47,LOTTO,53,0
2007-01-17,13,14,28,33,34,45,LOTTO,53,0
2007-01-20,5,11,19,32,36,45,LOTTO,53,0
2007-01-24,3,5,17,19,35,39,LOTTO,53,0
2007-01-27,21,27,28,38,42,49,LOTTO,53,0
2007-01-31,2,3,6,7,27,45,LOTTO,53,0
2007-02-03,15,19,33,46,47,51,LOTTO,53,0
2007-02-07,6,20,22,24,32,41,LOTTO,53,0
2007-02-10,10,11,18,24,26,35,LOTTO,53,0
2007-02-14,7,11,14,34,42,48,LOTTO,53,0
2007-02-17,11,18,20,24,27,51,LOTTO,53,0
2007-02-21,12,14,16,23,26,45,LOTTO,53,0
2007-02-24,4,10,23,36,40,48,LOTTO,53,0
2007-02-28,9,23,26,28,36,53,LOTTO,53,0
2007-03-03,1,3,13,25,31,39,LOTTO,53,0
2007-03-07,14,20,22,44,50,52,LOTTO,53,0
2007-03-10,19,22,29,36,48,50,LOTTO,53,0
2007-03-14,5,7,25,36,38,50,LOTTO,53,0
2007-03-17,6,13,26,29,32,45,LOTTO,53,0
2007-03-21,2,23,29,32,37,50,LOTTO,53,0
2007-03-24,3,8,10,30,42,47,LOTTO,53,0
2007-03-28,1,15,24,38,39,50,LOTTO,53,0
2007-03-31,15,22,28,37,42,49,LOTTO,53,0
2007-04-04,3,13,19,22,49,53,LOTTO,53,0
2007-04-07,6,9,21,29,40,52,LOTTO,53,0
2007-04-11,2,5,12,19,26,43,LOTTO,53,0
2007-04-14,7,20,33,34,37,40,LOTTO,53,0
2007-04-18,1,5,20,23,31,38,LOTTO,53,0
2007-04-21,10,17,20,21,22,35,LOTTO,53,0
2007-04-25,4,7,14,26,28,34,LOTTO,53,0
2007-04-28,1,8,22,46,47,50,LOTTO,53,0
2007-05-02,1,6,13,21,22,39,LOTTO,53,0
2007-05-05,14,23,28,50,52,53,LOTTO,53,0
2007-05-09,9,19,22,27,33,53,LOTTO,53,0
2007-05-12,14,18,19,24,37,46,LOTTO,53,0
2007-05-16,3,16,23,39,47,49,LOTTO,53,0
2007-05-19,9,19,27,41,48,52,LOTTO,53,0
2007-05-23,5,9,25,31,50,53,LOTTO,53,0
2007-05-26,4,7,12,30,41,46,LOTTO,53,0
2007-05-30,6,9,11,44,45,52,LOTTO,53,0
2007-06-02,28,31,36,39,42,44,LOTTO,53,0
2007-06-06,3,15,19,22,47,53,LOTTO,53,0
2007-06-09,12,14,28,32,41,42,LOTTO,53,0
2007-06-13,8,15,26,28,29,32,LOTTO,53,0
2007-06-16,7,10,13,16,22,24,LOTTO,53,0
2007-06-20,6,31,34,44,45,49,LOTTO,53,0
2007-06-23,4,8,21,22,44,49,LOTTO,53,0
2007-06-27,8,13,14,32,43,48,LOTTO,53,0
2007-06-30,4,6,21,38,45,53,LOTTO,53,0
2007-07-04,12,31,34,37,48,52,LOTTO,53,0
2007-07-07,16,26,32,41,46,49,LOTTO,53,0
2007-07-11,7,19,29,30,36,50,LOTTO,53,0
2007-07-14,11,14,25,37,40,41,LOTTO,53,0
2007-07-18,18,24,27,32,38,46,LOTTO,53,0
2007-07-21,6,8,35,37,49,53,LOTTO,53,0
2007-07-25,1,20,37,42,44,45,LOTTO,53,0
2007-07-28,8,12,13,24,27,41,LOTTO,53,0
2007-08-01,1,12,14,27,38,42,LOTTO,53,0
2007-08-04,12,18,31,33,43,46,LOTTO,53,0
2007-08-08,3,4,10,29,30,38,LOTTO,53,0
2007-08-11,3,11,22,23,24,51,LOTTO,53,0
2007-08-15,7,8,37,49,51,53,LOTTO,53,0
2007-08-18,4,11,22,44,45,47,LOTTO,53,0
2007-08-22,22,31,32,36,48,51,LOTTO,53,0
2007-08-25,4,8,22,26,32,49,LOTTO,53,0
2007-08-29,1,2,15,16,42,44,LOTTO,53,0
2007-09-01,4,5,16,25,27,37,LOTTO,53,0
2007-09-05,3,12,18,19,24,45,LOTTO,53,0
2007-09-08,6,10,18,23,27,34,LOTTO,53,0
2007-09-12,10,21,22,37,42,49,LOTTO,53,0
2007-09-15,3,6,25,28,33,37,LOTTO,53,0
2007-09-19,19,23,28,34,35,46,LOTTO,53,0
2007-09-22,1,5,10,21,27,38,LOTTO,53,0
2007-09-26,7,9,12,14,41,44,LOTTO,53,0
2007-09-29,11,17,26,29,47,48,LOTTO,53,0
2007-10-03,5,14,17,28,36,39,LOTTO,53,0
2007-10-06,14,33,34,35,38,46,LOTTO,53,0
2007-10-10,10,11,18,28,37,50,LOTTO,53,0
2007-10-13,5,14,25,30,33,46,LOTTO,53,0
2007-10-17,6,31,32,41,44,47,LOTTO,53,0
2007-10-20,2,15,21,32,45,53,LOTTO,53,0
2007-10-24,8,29,30,41,42,46,LOTTO,53,0
2007-10-27,13,20,33,38,41,45,LOTTO,53,0
2007-10-31,8,13,16,17,40,46,LOTTO,53,0
2007-11-03,4,7,25,33,46,48,LOTTO,53,0
2007-11-07,3,25,35,41,46,53,LOTTO,53,0
2007-11-10,3,20,28,29,44,51,LOTTO,53,0
2007-11-14,7,10,15,20,22,38,LOTTO,53,0
2007-11-17,19,23,34,35,41,48,LOTTO,53,0
2007-11-21,4,5,13,31,47,50,LOTTO,53,0
2007-11-24,5,21,23,30,31,42,LOTTO,53,0
2007-11-28,6,23,35,36,38,50,LOTTO,53,0
2007-12-01,16,17,19,36,42,44,LOTTO,53,0
2007-12-05,2,28,35,37,50,51,LOTTO,53,0
2007-12-08,14,15,33,37,43,52,LOTTO,53,0
2007-12-12,9,27,31,38,41,43,LOTTO,53,0
2007-12-15,11,31,38,40,41,47,LOTTO,53,0
2007-12-19,7,13,16,28,38,47,LOTTO,53,0
2007-12-22,2,12,32,36,40,43,LOTTO,53,0
2007-12-26,6,15,23,32,33,38,LOTTO,53,0
2007-12-29,5,13,27,34,42,46,LOTTO,53,0
2008-01-02,7,16,27,39,47,53,LOTTO,53,0
2008-01-05,2,9,23,27,42,47,LOTTO,53,0
2008-01-09,1,21,27,31,34,52,LOTTO,53,0
2008-01-12,12,15,20,26,28,39,LOTTO,53,0
2008-01-16,4,11,29,39,47,51,LOTTO,53,0
2008-01-19,1,12,19,35,37,48,LOTTO,53,0
2008-01-23,4,25,33,40,41,45,LOTTO,53,0
2008-01-26,4,6,7,15,18,52,LOTTO,53,0
2008-01-30,13,16,28,30,38,50,LOTTO,53,0
2008-02-02,1,17,37,40,41,45,LOTTO,53,0
2008-02-06,20,21,36,42,48,53,LOTTO,53,0
2008-02-09,1,10,24,27,44,47,LOTTO,53,0
2008-02-13,2,20,25,26,28,30,LOTTO,53,0
2008-02-16,4,12,18,20,33,49,LOTTO,53,0
2008-02-20,10,12,20,25,28,39,LOTTO,53,0
2008-02-23,17,18,23,29,34,51,LOTTO,53,0
2008-02-27,6,9,18,29,52,53,LOTTO,53,0
2008-03-01,2,20,23,33,43,50,LOTTO,53,0
2008-03-05,4,10,20,27,34,52,LOTTO,53,0
2008-03-08,2,13,16,26,48,51,LOTTO,53,0
2008-03-12,22,29,31,36,46,51,LOTTO,53,0
2008-03-15,16,20,22,32,44,51,LOTTO,53,0
2008-03-19,23,25,27,28,33,44,LOTTO,53,0
2008-03-22,1,7,8,11,13,51,LOTTO,53,0
2008-03-26,6,10,26,37,46,50,LOTTO,53,0
2008-03-29,9,17,20,29,41,49,LOTTO,53,0
2008-04-02,1,4,11,24,42,53,LOTTO,53,0
2008-04-05,10,15,25,35,47,53,LOTTO,53,0
2008-04-09,19,22,23,32,36,47,LOTTO,53,0
2008-04-12,10,23,25,30,37,39,LOTTO,53,0
2008-04-16,1,33,34,40,41,53,LOTTO,53,0
2008-04-19,13,23,31,33,35,38,LOTTO,53,0
2008-04-23,4,10,19,34,38,45,LOTTO,53,0
2008-04-26,3,11,29,36,38,48,LOTTO,53,0
2008-04-30,6,11,29,30,41,48,LOTTO,53,0
2008-05-03,1,13,23,26,41,47,LOTTO,53,0
2008-05-07,2,14,15,25,46,52,LOTTO,53,0
2008-05-10,11,15,22,23,25,42,LOTTO,53,0
2008-05-14,9,17,30,36,45,49,LOTTO,53,0
2008-05-17,7,8,40,41,44,45,LOTTO,53,0
2008-05-21,12,13,17,22,41,53,LOTTO,53,0
2008-05-24,19,30,36,41,44,52,LOTTO,53,0
2008-05-28,1,14,17,32,40,46,LOTTO,53,0
2008-05-31,3,14,18,27,28,47,LOTTO,53,0
2008-06-04,4,6,8,22,37,40,LOTTO,53,0
2008-06-07,1,24,25,26,42,45,LOTTO,53,0
2008-06-11,24,41,42,46,47,52,LOTTO,53,0
2008-06-14,7,18,19,26,32,33,LOTTO,53,0
2008-06-18,5,6,17,23,26,38,LOTTO,53,0
2008-06-21,8,29,40,42,43,45,LOTTO,53,0
2008-06-25,7,9,21,22,44,47,LOTTO,53,0
2008-06-28,15,18,19,36,42,48,LOTTO,53,0
2008-07-02,8,9,10,29,38,53,LOTTO,53,0
2008-07-05,9,18,19,20,43,46,LOTTO,53,0
2008-07-09,18,20,27,38,48,51,LOTTO,53,0
2008-07-12,4,12,31,33,37,44,LOTTO,53,0
2008-07-16,1,10,20,23,41,51,LOTTO,53,0
2008-07-19,9,14,19,29,44,51,LOTTO,53,0
2008-07-23,8,9,10,29,37,47,LOTTO,53,0
2008-07-26,6,17,40,49,51,52,LOTTO,53,0
2008-07-30,3,6,9,14,29,46,LOTTO,53,0
2008-08-02,5,18,20,27,42,53,LOTTO,53,0
2008-08-06,7,9,22,23,27,43,LOTTO,53,0
2008-08-09,1,6,9,12,38,49,LOTTO,53,0
2008-08-13,5,7,13,26,27,52,LOTTO,53,0
2008-08-16,2,12,16,25,35,47,LOTTO,53,0
2008-08-20,2,11,12,39,42,43,LOTTO,53,0
2008-08-23,6,10,22,44,46,48,LOTTO,53,0
2008-08-27,2,9,30,34,39,53,LOTTO,53,0
2008-08-30,6,12,22,23,49,51,LOTTO,53,0
2008-09-03,4,6,9,22,30,53,LOTTO,53,0
2008-09-06,11,23,24,26,44,45,LOTTO,53,0
2008-09-10,4,14,22,44,50,52,LOTTO,53,0
2008-09-13,21,22,33,34,38,52,LOTTO,53,0
2008-09-17,4,8,37,41,43,48,LOTTO,53,0
2008-09-20,2,17,24,26,48,51,LOTTO,53,0
2008-09-24,5,8,16,20,28,51,LOTTO,53,0
2008-09-27,28,31,32,45,48,49,LOTTO,53,0
2008-10-01,11,23,33,39,40,49,LOTTO,53,0
2008-10-04,1,2,6,24,26,51,LOTTO,53,0
2008-10-08,7,18,20,27,37,51,LOTTO,53,0
2008-10-11,4,8,17,22,25,35,LOTTO,53,0
2008-10-15,7,12,17,19,42,53,LOTTO,53,0
2008-10-18,13,19,20,31,38,49,LOTTO,53,0
2008-10-22,4,6,26,27,33,45,LOTTO,53,0
2008-10-25,14,34,36,39,49,53,LOTTO,53,0
2008-10-29,4,8,11,15,46,53,LOTTO,53,0
2008-11-01,4,17,29,44,46,47,LOTTO,53,0
2008-11-05,12,13,36,38,44,51,LOTTO,53,0
2008-11-08,5,8,21,33,41,50,LOTTO,53,0
2008-11-12,7,11,20,30,45,53,LOTTO,53,0
2008-11-15,4,19,26,29,39,50,LOTTO,53,0
2008-11-19,1,6,10,38,46,49,LOTTO,53,0
2008-11-22,16,17,22,28,45,50,LOTTO,53,0
2008-11-26,4,19,29,32,44,49,LOTTO,53,0
2008-11-29,3,12,24,27,42,43,LOTTO,53,0
2008-12-03,18,27,33,34,36,42,LOTTO,53,0
2008-12-06,8,29,38,39,49,50,LOTTO,53,0
2008-12-10,13,15,21,41,42,44,LOTTO,53,0
2008-12-13,10,28,33,34,36,51,LOTTO,53,0
2008-12-17,3,6,18,24,31,36,LOTTO,53,0
2008-12-20,2,11,21,23,31,33,LOTTO,53,0
2008-12-24,7,12,27,29,42,45,LOTTO,53,0
2008-12-27,15,31,32,33,38,49,LOTTO,53,0
2008-12-31,1,9,10,21,33,35,LOTTO,53,0
2009-01-03,2,4,8,10,30,33,LOTTO,53,0
2009-01-07,2,5,13,28,31,41,LOTTO,53,0
2009-01-10,6,12,14,30,40,41,LOTTO,53,0
2009-01-14,8,17,24,34,40,41,LOTTO,53,0
2009-01-17,6,20,25,31,32,45,LOTTO,53,0
2009-01-21,23,28,30,40,43,47,LOTTO,53,0
2009-01-24,16,36,39,41,45,50,LOTTO,53,0
2009-01-28,7,10,12,27,35,51,LOTTO,53,0
2009-01-31,1,17,20,31,32,37,LOTTO,53,0
2009-02-04,2,9,11,17,23,49,LOTTO,53,0
2009-02-07,20,28,29,39,43,49,LOTTO,53,0
2009-02-11,4,8,13,36,37,39,LOTTO,53,0
2009-02-14,8,12,19,26,34,45,LOTTO,53,0
2009-02-18,8,10,11,14,23,36,LOTTO,53,0
2009-02-21,18,25,31,41,44,47,LOTTO,53,0
2009-02-25,11,19,43,44,47,53,LOTTO,53,0
2009-02-28,6,9,16,31,32,42,LOTTO,53,0
2009-03-04,1,5,8,36,37,44,LOTTO,53,0
2009-03-07,2,14,27,31,43,53,LOTTO,53,0
2009-03-11,7,16,17,34,44,47,LOTTO,53,0
2009-03-14,5,6,9,25,39,41,LOTTO,53,0
2009-03-18,8,14,22,26,33,51,LOTTO,53,0
2009-03-21,2,22,26,44,46,47,LOTTO,53,0
2009-03-25,2,6,11,18,38,48,LOTTO,53,0
2009-03-28,2,6,25,31,37,50,LOTTO,53,0
2009-04-01,5,16,18,19,20,37,LOTTO,53,0
2009-04-04,8,16,31,37,45,48,LOTTO,53,0
2009-04-08,5,7,31,39,44,45,LOTTO,53,0
2009-04-11,13,17,42,48,49,50,LOTTO,53,0
2009-04-15,3,32,34,39,44,51,LOTTO,53,0
2009-04-18,28,32,37,45,49,52,LOTTO,53,0
2009-04-22,6,9,18,36,46,53,LOTTO,53,0
2009-04-25,19,25,26,32,37,45,LOTTO,53,0
2009-04-29,1,3,9,11,22,26,LOTTO,53,0
2009-05-02,3,4,22,42,45,47,LOTTO,53,0
2009-05-06,11,13,14,15,16,34,LOTTO,53,0
2009-05-09,16,29,31,37,41,53,LOTTO,53,0
2009-05-13,5,11,12,31,37,46,LOTTO,53,0
2009-05-16,4,27,28,33,42,44,LOTTO,53,0
2009-05-20,16,36,37,41,45,46,LOTTO,53,0
2009-05-23,22,25,26,38,41,49,LOTTO,53,0
2009-05-27,6,9,19,27,28,50,LOTTO,53,0
2009-05-30,11,31,34,36,43,49,LOTTO,53,0
2009-06-03,5,16,26,29,41,48,LOTTO,53,0
2009-06-06,6,24,26,28,31,50,LOTTO,53,0
2009-06-10,18,21,23,35,45,52,LOTTO,53,0
2009-06-13,9,14,25,28,33,40,LOTTO,53,0
2009-06-17,18,38,41,43,50,53,LOTTO,53,0
2009-06-20,4,23,29,38,45,52,LOTTO,53,0
2009-06-24,3,15,19,24,37,51,LOTTO,53,0
2009-06-27,6,9,11,14,29,36,LOTTO,53,0
2009-07-01,13,23,30,38,40,53,LOTTO,53,0
2009-07-04,2,5,6,18,37,42,LOTTO,53,0
2009-07-08,4,19,23,40,44,50,LOTTO,53,0
2009-07-11,13,16,19,20,27,33,LOTTO,53,0
2009-07-15,1,4,24,37,44,46,LOTTO,53,0
2009-07-18,1,25,27,28,39,48,LOTTO,53,0
2009-07-22,4,10,11,17,18,29,LOTTO,53,0
2009-07-25,4,9,10,22,30,50,LOTTO,53,0
2009-07-29,6,7,12,20,24,36,LOTTO,53,0
2009-08-01,19,21,34,38,44,53,LOTTO,53,0
2009-08-05,19,20,28,36,45,49,LOTTO,53,0
2009-08-08,5,8,21,27,50,51,LOTTO,53,0
2009-08-12,8,11,19,25,46,52,LOTTO,53,0
2009-08-15,18,19,20,41,50,51,LOTTO,53,0
2009-08-19,14,16,17,19,43,45,LOTTO,53,0
2009-08-22,5,21,32,33,39,48,LOTTO,53,0
2009-08-26,3,22,32,35,43,48,LOTTO,53,0
2009-08-29,4,18,29,30,40,53,LOTTO,53,0
2009-09-02,3,14,28,32,34,35,LOTTO,53,0
2009-09-05,11,14,15,37,44,51,LOTTO,53,0
2009-09-09,8,18,28,31,33,46,LOTTO,53,0
2009-09-12,13,18,29,31,35,43,LOTTO,53,0
2009-09-16,5,23,30,35,46,50,LOTTO,53,0
2009-09-19,7,15,17,29,35,45,LOTTO,53,0
2009-09-23,25,27,29,32,47,52,LOTTO,53,0
2009-09-26,7,8,30,34,35,38,LOTTO,53,0
2009-09-30,17,22,29,42,46,52,LOTTO,53,0
2009-10-03,8,17,18,21,32,42,LOTTO,53,0
2009-10-07,6,36,37,41,48,50,LOTTO,53,0
2009-10-10,7,21,23,27,36,43,LOTTO,53,0
2009-10-14,4,8,12,17,19,28,X2,53,0
2009-10-17,20,41,42,45,49,52,X2,53,0
2009-10-21,2,9,13,17,39,44,X5,53,0
2009-10-24,9,16,30,41,44,51,X2,53,0
2009-10-28,14,15,17,30,33,53,X2,53,0
2009-10-31,6,21,26,30,50,51,X3,53,0
2009-11-04,5,13,22,38,40,49,X2,53,0
2009-11-07,4,7,29,34,50,51,X2,53,0
2009-11-11,2,19,25,26,36,40,X5,53,0
2009-11-14,13,23,26,34,38,51,X3,53,0
2009-11-18,1,3,4,8,13,43,X3,53,0
2009-11-21,11,12,15,29,36,42,X2,53,0
2009-11-25,2,3,36,38,43,52,X4,53,0
2009-11-28,2,7,12,17,28,41,X2,53,0
2009-12-02,1,11,35,37,38,47,X5,53,0
2009-12-05,7,13,24,29,36,37,X4,53,0
2009-12-09,5,33,46,47,49,52,X5,53,0
2009-12-12,10,16,35,40,41,42,X2,53,0
2009-12-16,6,15,25,37,40,52,X4,53,0
2009-12-19,6,8,11,16,17,48,X3,53,0
2009-12-23,14,27,30,33,37,38,X5,53,0
2009-12-26,2,3,23,38,43,48,X3,53,0
2009-12-30,5,13,24,35,41,46,X2,53,0
2010-01-02,15,19,28,29,38,51,X3,53,0
2010-01-06,2,8,14,19,22,29,X2,53,0
2010-01-09,22,26,34,35,40,47,X4,53,0
2010-01-13,3,4,12,20,40,43,X5,53,0
2010-01-16,1,4,25,27,48,49,X2,53,0
2010-01-20,4,11,15,22,23,27,X2,53,0
2010-01-23,37,39,42,47,49,51,X3,53,0
2010-01-27,1,23,29,39,40,45,X3,53,0
2010-01-30,6,15,16,37,41,50,X5,53,0
2010-02-03,6,9,11,30,31,51,X4,53,0
2010-02-06,16,31,33,39,43,53,X2,53,0
2010-02-10,16,19,25,39,48,52,X2,53,0
2010-02-13,6,15,23,24,34,38,X4,53,0
2010-02-17,23,34,42,44,47,53,X4,53,0
2010-02-20,5,8,20,25,29,43,X2,53,0
2010-02-24,7,16,24,39,49,53,X5,53,0
2010-02-27,6,24,35,46,47,48,X2,53,0
2010-03-03,21,33,34,38,43,44,X4,53,0
2010-03-06,18,32,38,39,43,47,X5,53,0
2010-03-10,5,12,20,21,42,48,X2,53,0
2010-03-13,4,6,14,32,40,53,X4,53,0
2010-03-17,8,10,18,21,31,40,X4,53,0
2010-03-20,2,3,16,30,45,50,X4,53,0
2010-03-24,9,10,20,25,27,39,X4,53,0
2010-03-27,1,4,9,16,46,52,X2,53,0
2010-03-31,23,29,32,34,41,44,X4,53,0
2010-04-03,6,21,28,30,31,34,X5,53,0
2010-04-07,11,19,26,28,31,47,X3,53,0
2010-04-10,5,8,18,19,31,39,X4,53,0
2010-04-14,7,9,10,24,32,52,X4,53,0
2010-04-17,15,16,20,32,45,50,X3,53,0
2010-04-21,14,22,27,49,50,52,X2,53,0
2010-04-24,12,21,25,34,47,53,X2,53,0
2010-04-28,5,15,29,37,39,52,X3,53,0
2010-05-01,1,10,22,26,29,32,X4,53,0
2010-05-05,5,7,24,27,29,31,X5,53,0
2010-05-08,1,15,18,21,22,51,X4,53,0
2010-05-12,4,11,22,31,34,37,X4,53,0
2010-05-15,8,13,17,25,27,37,X4,53,0
2010-05-19,5,26,38,43,50,53,X5,53,0
2010-05-22,4,9,22,29,45,52,X2,53,0
2010-05-26,2,3,25,30,35,40,X4,53,0
2010-05-29,3,7,8,25,36,45,X3,53,0
2010-06-02,6,12,29,41,44,48,X5,53,0
2010-06-05,5,25,29,32,41,48,X4,53,0
2010-06-09,17,25,29,40,47,49,X5,53,0
2010-06-12,2,6,17,39,44,45,X2,53,0
2010-06-16,6,8,21,24,41,53,X4,53,0
2010-06-19,8,27,33,39,40,46,X4,53,0
2010-06-23,1,7,19,22,26,29,X3,53,0
2010-06-26,6,10,15,24,36,46,X5,53,0
2010-06-30,5,9,12,17,31,46,X4,53,0
2010-07-03,12,14,20,22,33,42,X3,53,0
2010-07-07,2,5,9,20,26,38,X3,53,0
2010-07-10,11,22,39,40,48,49,X3,53,0
2010-07-14,13,21,25,26,37,46,X3,53,0
2010-07-17,18,38,40,43,46,52,X4,53,0
2010-07-21,4,5,23,32,37,47,X2,53,0
2010-07-24,9,12,29,32,33,42,X2,53,0
2010-07-28,4,7,9,11,30,41,X4,53,0
2010-07-31,5,8,18,19,47,48,X4,53,0
2010-08-04,6,8,26,28,36,50,X5,53,0
2010-08-07,11,12,21,26,35,48,X2,53,0
2010-08-11,4,15,27,29,33,50,X4,53,0
2010-08-14,31,32,39,41,50,52,X2,53,0
2010-08-18,2,3,5,22,41,45,X4,53,0
2010-08-21,26,31,32,34,36,52,X5,53,0
2010-08-25,7,9,11,34,40,47,X3,53,0
2010-08-28,20,23,37,41,46,51,X2,53,0
2010-09-01,23,33,35,37,51,52,X4,53,0
2010-09-04,2,7,9,22,29,42,X5,53,0
2010-09-08,4,15,23,24,42,46,X4,53,0
2010-09-11,7,8,10,20,44,47,X5,53,0
2010-09-15,2,10,16,27,48,49,X3,53,0
2010-09-18,6,12,19,26,30,31,X5,53,0
2010-09-22,3,4,5,7,19,30,X5,53,0
2010-09-25,7,12,30,48,49,51,X4,53,0
2010-09-29,4,17,18,19,45,47,X5,53,0
2010-10-02,6,17,30,34,39,47,X3,53,0
2010-10-06,20,24,29,30,36,53,X3,53,0
2010-10-09,10,16,17,26,42,47,X5,53,0
2010-10-13,1,2,32,35,38,47,X3,53,0
2010-10-16,7,8,9,12,13,25,X5,53,0
2010-10-20,1,4,6,37,38,51,X3,53,0
2010-10-23,12,16,23,29,32,48,X5,53,0
2010-10-27,8,11,14,25,33,39,X4,53,0
2010-10-30,10,24,30,36,41,44,X4,53,0
2010-11-03,15,29,38,47,50,51,X3,53,0
2010-11-06,3,14,24,30,33,38,X4,53,0
2010-11-10,2,15,24,34,39,52,X3,53,0
2010-11-13,8,20,25,28,42,44,X5,53,0
2010-11-17,8,11,13,35,38,39,X2,53,0
2010-11-20,9,29,31,42,43,50,X3,53,0
2010-11-24,15,29,37,40,42,43,X3,53,0
2010-11-27,19,23,26,28,49,52,X5,53,0
2010-12-01,16,20,32,43,48,52,X4,53,0
2010-12-04,3,12,22,28,43,51,X2,53,0
2010-12-08,4,14,23,42,46,50,X5,53,0
2010-12-11,24,27,33,38,50,52,X5,53,0
2010-12-15,3,4,21,25,35,40,X4,53,0
2010-12-18,6,8,15,36,40,47,X4,53,0
2010-12-22,6,12,16,37,46,52,X3,53,0
2010-12-25,3,25,32,33,34,51,X3,53,0
2010-12-29,17,25,28,45,47,48,X2,53,0
2011-01-01,5,16,26,41,48,53,X2,53,0
2011-01-05,11,16,19,21,37,45,X2,53,0
2011-01-08,13,35,38,40,49,52,X2,53,0
2011-01-12,4,5,12,19,23,49,X2,53,0
2011-01-15,11,14,39,41,49,53,X4,53,0
2011-01-19,9,12,14,33,35,52,X4,53,0
2011-01-22,7,20,35,36,38,48,X4,53,0
2011-01-26,7,18,19,23,35,52,X3,53,0
2011-01-29,12,17,19,20,33,37,X4,53,0
2011-02-02,14,24,29,30,51,52,X2,53,0
2011-02-05,4,5,20,23,38,48,X4,53,0
2011-02-09,3,11,24,29,35,51,X4,53,0
2011-02-12,1,13,18,24,40,53,X3,53,0
2011-02-16,8,16,17,26,45,47,X5,53,0
2011-02-19,3,12,16,30,37,46,X4,53,0
2011-02-23,4,11,32,38,40,49,X4,53,0
2011-02-26,5,7,18,24,49,53,X5,53,0
2011-03-02,3,7,11,19,40,41,X4,53,0
2011-03-05,5,6,14,23,24,29,X4,53,0
2011-03-09,6,9,17,38,43,52,X5,53,0
2011-03-12,9,10,23,24,37,38,X4,53,0
2011-03-16,1,2,5,41,49,50,X4,53,0
2011-03-19,5,29,31,38,52,53,X3,53,0
2011-03-23,7,10,21,33,39,41,X5,53,0
2011-03-26,5,7,9,25,43,49,X5,53,0
2011-03-30,3,9,10,20,31,52,X3,53,0
2011-04-02,8,21,34,35,37,40,X4,53,0
2011-04-06,2,15,21,22,24,45,X5,53,0
2011-04-09,10,11,14,18,40,41,X4,53,0
2011-04-13,1,8,15,32,40,43,X5,53,0
2011-04-16,1,12,21,33,34,40,X3,53,0
2011-04-20,4,20,40,43,46,53,X3,53,0
2011-04-23,12,22,32,38,43,53,X2,53,0
2011-04-27,16,20,26,27,37,53,X5,53,0
2011-04-30,14,16,28,37,45,51,X4,53,0
2011-05-04,6,13,22,27,37,50,X3,53,0
2011-05-07,24,25,43,46,48,53,X4,53,0
2011-05-11,1,5,8,29,30,46,X3,53,0
2011-05-14,5,6,9,11,26,39,X2,53,0
2011-05-18,15,23,29,40,43,48,X5,53,0
2011-05-21,6,19,23,48,51,52,X3,53,0
2011-05-25,1,5,13,24,28,52,X4,53,0
2011-05-28,7,36,41,42,44,47,X3,53,0
2011-06-01,8,14,15,34,41,42,X5,53,0
2011-06-04,5,8,16,18,21,51,X3,53,0
2011-06-08,5,30,34,44,47,49,X3,53,0
2011-06-11,4,10,27,41,52,53,X3,53,0
2011-06-15,15,36,42,46,48,53,X2,53,0
2011-06-18,4,14,17,37,42,50,X2,53,0
2011-06-22,2,6,19,31,36,39,X4,53,0
2011-06-25,2,27,36,43,44,52,X5,53,0
2011-06-29,10,30,36,41,49,51,X3,53,0
2011-07-02,15,35,41,45,46,48,X3,53,0
2011-07-06,3,4,6,39,48,52,X5,53,0
2011-07-09,5,34,38,40,45,52,X4,53,0
2011-07-13,25,28,38,42,44,48,X5,53,0
2011-07-16,6,12,15,30,41,44,X2,53,0
2011-07-20,5,8,12,18,31,36,X4,53,0
2011-07-23,3,8,24,38,39,40,X3,53,0
2011-07-27,13,19,23,38,42,51,X3,53,0
2011-07-30,4,6,7,31,44,49,X2,53,0
2011-08-03,14,21,22,24,44,48,X2,53,0
2011-08-06,15,27,30,36,43,44,X2,53,0
2011-08-10,8,36,46,47,48,52,X4,53,0
2011-08-13,4,21,28,37,41,44,X3,53,0
2011-08-17,1,8,15,44,46,47,X2,53,0
2011-08-20,26,33,40,44,46,52,X3,53,0
2011-08-24,4,6,7,19,32,39,X2,53,0
2011-08-27,9,15,17,18,26,28,X5,53,0
2011-08-31,5,14,35,41,47,49,X5,53,0
2011-09-03,1,23,24,31,32,52,X4,53,0
2011-09-07,21,26,32,35,39,44,X5,53,0
2011-09-10,1,11,25,26,45,50,X3,53,0
2011-09-14,6,9,18,20,41,45,X3,53,0
2011-09-17,1,3,4,12,15,33,X5,53,0
2011-09-21,4,10,28,32,35,43,X2,53,0
2011-09-24,4,16,31,36,41,44,X3,53,0
2011-09-28,8,10,15,34,39,45,X4,53,0
2011-10-01,6,9,16,24,31,42,X4,53,0
2011-10-05,24,26,28,29,42,50,X2,53,0
2011-10-08,10,16,20,34,38,45,X5,53,0
2011-10-12,8,9,25,38,50,52,X3,53,0
2011-10-15,3,9,36,41,42,44,X3,53,0
2011-10-19,1,7,17,32,33,34,X5,53,0
2011-10-22,7,15,32,34,43,48,X3,53,0
2011-10-26,2,12,13,27,48,50,X4,53,0
2011-10-29,3,8,12,28,34,48,X3,53,0
2011-11-02,11,31,34,39,47,52,X3,53,0
2011-11-05,1,4,5,37,38,51,X5,53,0
2011-11-09,9,16,29,44,48,51,X4,53,0
2011-11-12,3,11,15,22,37,38,X2,53,0
2011-11-16,10,24,34,37,39,45,X4,53,0
2011-11-19,3,5,17,24,34,53,X5,53,0
2011-11-23,3,10,11,20,42,43,X5,53,0
2011-11-26,2,9,13,22,26,37,X2,53,0
2011-11-30,7,11,13,36,37,51,X2,53,0
2011-12-03,21,27,39,48,49,53,X5,53,0
2011-12-07,5,9,26,30,34,39,X5,53,0
2011-12-10,3,19,22,28,34,37,X4,53,0
2011-12-14,1,3,4,9,33,38,X5,53,0
2011-12-17,6,21,40,46,51,52,X2,53,0
2011-12-21,3,10,24,25,49,52,X4,53,0
2011-12-24,2,11,15,19,24,26,X5,53,0
2011-12-28,3,14,40,42,45,51,X2,53,0
2011-12-31,11,22,29,34,44,46,X3,53,0
2012-01-04,9,18,21,22,33,51,X5,53,0
2012-01-07,8,14,18,29,33,37,X2,53,0
2012-01-11,11,26,36,45,46,52,X4,53,0
2012-01-14,9,12,17,29,35,50,X4,53,0
2012-01-18,8,33,36,40,43,51,X5,53,0
2012-01-21,11,12,27,35,38,45,X5,53,0
2012-01-25,4,9,14,18,35,47,X4,53,0
2012-01-28,20,32,34,41,42,45,X3,53,0
2012-02-01,15,23,38,48,52,53,X3,53,0
2012-02-04,9,16,34,39,41,46,X2,53,0
2012-02-08,3,12,20,22,31,52,X2,53,0
2012-02-11,1,8,11,20,47,52,X5,53,0
2012-02-15,29,37,38,39,42,44,X2,53,0
2012-02-18,7,18,37,41,45,51,X5,53,0
2012-02-22,6,12,17,21,26,42,X3,53,0
2012-02-25,1,2,6,14,19,31,X5,53,0
2012-02-29,6,20,27,33,42,45,X3,53,0
2012-03-03,5,8,9,16,20,45,X3,53,0
2012-03-07,5,9,18,31,44,48,X4,53,0
2012-03-10,7,14,19,31,48,52,X5,53,0
2012-03-14,1,10,17,19,22,31,X5,53,0
2012-03-17,30,38,39,43,44,49,X5,53,0
2012-03-21,2,3,4,10,18,26,X2,53,0
2012-03-24,1,12,25,33,35,42,X3,53,0
2012-03-28,13,18,24,33,37,50,X2,53,0
2012-03-31,1,15,17,23,31,33,X2,53,0
2012-04-04,4,15,26,28,35,47,X5,53,0
2012-04-07,7,14,16,23,36,43,X3,53,0
2012-04-11,11,34,43,45,46,51,X2,53,0
2012-04-14,1,3,22,28,36,40,X2,53,0
2012-04-18,1,5,12,19,32,44,X3,53,0
2012-04-21,1,15,22,27,31,43,X2,53,0
2012-04-25,7,11,39,46,50,53,X4,53,0
2012-04-28,4,11,13,17,20,28,X3,53,0
2012-05-02,12,20,22,32,34,41,X2,53,0
2012-05-05,2,13,20,26,45,53,X5,53,0
2012-05-09,1,6,14,17,21,34,X2,53,0
2012-05-12,3,14,17,32,33,34,X2,53,0
2012-05-16,2,27,43,44,47,52,X5,53,0
2012-05-19,5,10,14,17,28,33,X2,53,0
2012-05-23,5,6,9,23,30,41,X4,53,0
2012-05-26,15,23,30,48,49,52,X4,53,0
2012-05-30,4,6,19,20,38,48,X2,53,0
2012-06-02,6,8,15,22,47,50,X4,53,0
2012-06-06,4,12,14,26,36,46,X5,53,0
2012-06-09,13,22,27,36,43,52,X5,53,0
2012-06-13,1,2,21,42,45,49,X3,53,0
2012-06-16,5,7,15,30,46,48,X2,53,0
2012-06-20,4,8,20,24,35,43,X4,53,0
2012-06-23,5,7,10,24,28,43,X3,53,0
2012-06-27,2,7,18,29,35,44,X4,53,0
2012-06-30,13,26,50,51,52,53,X4,53,0
2012-07-04,7,11,21,28,43,46,X4,53,0
2012-07-07,2,6,17,26,31,40,X3,53,0
2012-07-11,16,19,26,31,39,50,X3,53,0
2012-07-14,8,19,31,37,41,51,X5,53,0
2012-07-18,1,3,7,23,33,44,X5,53,0
2012-07-21,10,14,15,31,34,50,X5,53,0
2012-07-25,4,19,30,46,49,53,X5,53,0
2012-07-28,3,8,9,12,33,52,X5,53,0
2012-08-01,22,27,31,38,39,42,X2,53,0
2012-08-04,2,26,36,37,40,43,X3,53,0
2012-08-08,6,9,18,32,39,49,X4,53,0
2012-08-11,5,13,32,45,47,48,X5,53,0
2012-08-15,3,7,10,19,24,27,X2,53,0
2012-08-18,4,26,39,42,45,47,X5,53,0
2012-08-22,14,29,30,41,43,49,X5,53,0
2012-08-25,1,18,23,27,33,36,X4,53,0
2012-08-29,1,28,36,39,44,47,X2,53,0
2012-09-01,2,8,23,27,43,53,X5,53,0
2012-09-05,23,28,29,36,37,46,X3,53,0
2012-09-08,14,21,27,31,45,52,X2,53,0
2012-09-12,2,6,7,11,21,41,X4,53,0
2012-09-15,5,12,21,24,51,53,X5,53,0
2012-09-19,5,7,12,22,31,53,X3,53,0
2012-09-22,13,19,30,43,46,51,X3,53,0
2012-09-26,1,3,16,19,25,38,X4,53,0
2012-09-29,10,15,21,28,35,41,X3,53,0
2012-10-03,13,14,25,26,37,39,X5,53,0
2012-10-06,5,12,19,30,41,48,X2,53,0
2012-10-10,11,19,29,31,37,50,X4,53,0
2012-10-13,4,11,36,37,45,51,X3,53,0
2012-10-17,2,9,16,18,34,46,X3,53,0
2012-10-20,16,25,26,27,40,53,X3,53,0
2012-10-24,8,11,21,26,28,38,X5,53,0
2012-10-27,1,2,29,30,31,35,X5,53,0
2012-10-31,2,17,34,36,43,52,X2,53,0
2012-11-03,10,16,21,23,41,44,X2,53,0
2012-11-07,7,11,15,18,24,43,X5,53,0
2012-11-10,8,15,18,42,45,50,X2,53,0
2012-11-14,10,12,19,48,49,53,X4,53,0
2012-11-17,5,14,19,30,49,52,X2,53,0
2012-11-21,3,19,24,34,37,41,X2,53,0
2012-11-24,26,28,36,41,50,51,X4,53,0
2012-11-28,7,12,15,20,34,49,X5,53,0
2012-12-01,2,5,33,45,48,50,X3,53,0
2012-12-05,6,20,25,36,44,52,X3,53,0
2012-12-08,3,7,8,28,29,53,X3,53,0
2012-12-12,17,33,34,41,49,53,X4,53,0
2012-12-15,13,28,30,32,38,40,X4,53,0
2012-12-19,25,29,37,38,44,45,X3,53,0
2012-12-22,18,20,35,36,37,39,X2,53,0
2012-12-26,1,6,22,24,32,48,X5,53,0
2012-12-29,15,18,21,31,40,41,X2,53,0
2013-01-02,9,17,27,44,48,51,X2,53,0
2013-01-05,8,19,21,23,36,40,X4,53,0
2013-01-09,19,20,24,27,42,51,X4,53,0
2013-01-12,2,9,12,24,31,46,X4,53,0
2013-01-16,12,20,41,43,49,53,X5,53,0
2013-01-19,12,13,21,26,46,48,X5,53,0
2013-01-23,15,21,22,24,39,41,X2,53,0
2013-01-26,3,4,5,38,39,41,X5,53,0
2013-01-30,7,9,10,42,45,49,X3,53,0
2013-02-02,1,2,31,40,46,52,X4,53,0
2013-02-06,5,28,29,40,48,51,X4,53,0
2013-02-09,12,22,36,42,44,52,X3,53,0
2013-02-13,5,12,25,29,33,34,X2,53,0
2013-02-16,8,21,26,27,30,40,X2,53,0
2013-02-20,18,23,28,36,43,45,X4,53,0
2013-02-23,1,2,3,9,23,53,X5,53,0
2013-02-27,15,28,34,40,48,50,X2,53,0
2013-03-02,7,10,15,17,19,38,X3,53,0
2013-03-06,3,12,39,44,46,51,X5,53,0
2013-03-09,1,7,10,12,33,51,X3,53,0
2013-03-13,15,30,34,44,47,49,X5,53,0
2013-03-16,1,6,24,27,33,53,X5,53,0
2013-03-20,7,11,23,30,35,47,X2,53,0
2013-03-23,6,11,13,24,35,53,X5,53,0
2013-03-27,19,24,25,26,28,44,X2,53,0
2013-03-30,4,9,13,40,41,50,X2,53,0
2013-04-03,6,7,20,46,48,51,X3,53,0
2013-04-06,2,13,16,17,20,40,X2,53,0
2013-04-10,14,21,24,32,41,45,X5,53,0
2013-04-13,6,15,40,45,51,52,X2,53,0
2013-04-17,1,5,8,39,52,53,X4,53,0
2013-04-20,7,8,33,35,39,40,X4,53,0
2013-04-24,12,14,27,30,36,44,X3,53,0
2013-04-27,10,12,17,28,38,44,X5,53,0
2013-05-01,4,9,17,21,35,51,X5,53,0
2013-05-04,5,17,18,24,29,33,X3,53,0
2013-05-08,9,14,17,23,25,29,X3,53,0
2013-05-11,20,23,26,32,41,46,X2,53,0
2013-05-15,5,6,13,33,35,40,X2,53,0
2013-05-18,1,11,19,33,37,49,X4,53,0
2013-05-22,21,24,33,37,43,46,X5,53,0
2013-05-25,1,21,26,30,46,48,X5,53,0
2013-05-29,4,36,42,47,48,52,X4,53,0
2013-06-01,5,15,29,35,40,47,X5,53,0
2013-06-05,13,19,22,44,46,52,X4,53,0
2013-06-08,21,24,34,41,47,52,X4,53,0
2013-06-12,2,29,35,37,41,42,X3,53,0
2013-06-15,3,16,19,20,32,52,X3,53,0
2013-06-19,5,8,9,12,23,27,X2,53,0
2013-06-22,2,7,31,40,46,52,X3,53,0
2013-06-26,5,13,18,28,31,43,X3,53,0
2013-06-29,1,3,5,14,28,32,X3,53,0
2013-07-03,3,13,42,47,52,53,X4,53,0
2013-07-06,1,7,35,39,43,47,X3,53,0
2013-07-10,13,17,20,23,24,30,X2,53,0
2013-07-13,2,10,11,41,42,53,X4,53,0
2013-07-17,1,3,4,12,15,38,X4,53,0
2013-07-20,8,21,22,27,40,44,X3,53,0
2013-07-24,4,8,15,16,32,52,X2,53,0
2013-07-27,6,10,18,27,28,51,X5,53,0
2013-07-31,4,8,17,20,51,52,X2,53,0
2013-08-03,3,4,5,39,47,48,X5,53,0
2013-08-07,29,33,46,48,49,53,X2,53,0
2013-08-10,20,44,46,48,52,53,X3,53,0
2013-08-14,3,6,16,30,31,40,X5,53,0
2013-08-17,2,7,11,15,43,45,X2,53,0
2013-08-21,3,6,36,46,48,52,X4,53,0
2013-08-24,11,24,36,45,46,47,X4,53,0
2013-08-28,3,9,11,21,24,49,X3,53,0
2013-08-31,10,11,12,17,28,46,X4,53,0
2013-09-04,6,14,37,41,48,49,X2,53,0
2013-09-07,7,16,31,38,39,42,X2,53,0
2013-09-11,3,26,36,37,43,44,X5,53,0
2013-09-14,15,17,22,40,41,45,X3,53,0
2013-09-18,14,15,23,36,49,50,X4,53,0
2013-09-21,8,32,35,46,47,52,X5,53,0
2013-09-25,1,2,25,43,48,53,X4,53,0
2013-09-28,9,26,34,40,42,49,X4,53,0
2013-10-02,10,13,35,36,37,42,X3,53,0
2013-10-05,1,12,22,44,46,52,X2,53,0
2013-10-09,13,16,17,40,42,44,X4,53,0
2013-10-12,3,8,16,20,43,48,X5,53,0
2013-10-16,19,23,28,38,48,53,X4,53,0
2013-10-19,2,3,15,39,44,49,X4,53,0
2013-10-23,4,5,8,13,27,44,X2,53,0
2013-10-26,10,16,21,25,37,49,X2,53,0
2013-10-30,4,6,15,24,47,52,X3,53,0
2013-11-02,2,11,13,20,27,28,X4,53,0
2013-11-06,20,25,29,30,36,37,X2,53,0
2013-11-09,9,12,15,21,33,45,X2,53,0
2013-11-13,5,12,14,28,45,50,X2,53,0
2013-11-16,8,19,22,29,32,38,X4,53,0
2013-11-20,23,24,32,44,49,50,X4,53,0
2013-11-23,1,21,36,40,44,45,X2,53,0
2013-11-27,2,8,20,33,35,49,X5,53,0
2013-11-30,18,21,29,30,35,45,X5,53,0
2013-12-04,2,6,10,32,41,46,X3,53,0
2013-12-07,8,25,31,35,43,51,X5,53,0
2013-12-11,2,33,38,51,52,53,X5,53,0
2013-12-14,13,15,22,38,43,49,X5,53,0
2013-12-18,2,5,9,24,34,40,X5,53,0
2013-12-21,1,8,12,24,45,53,X5,53,0
2013-12-25,4,12,23,32,45,48,X5,53,0
2013-12-28,1,6,11,14,15,29,X3,53,0
2014-01-01,1,8,15,19,32,48,X2,53,0
2014-01-04,14,15,23,34,36,37,X5,53,0
2014-01-08,3,24,30,35,43,51,X4,53,0
2014-01-11,7,13,15,17,51,53,X5,53,0
2014-01-15,13,18,20,28,42,53,X4,53,0
2014-01-18,1,8,11,19,46,53,X5,53,0
2014-01-22,6,7,11,13,23,44,X3,53,0
2014-01-25,2,3,7,21,36,43,X5,53,0
2014-01-29,6,13,20,27,29,51,X5,53,0
2014-02-01,11,12,20,23,33,44,X3,53,0
2014-02-05,6,15,36,42,46,47,X2,53,0
2014-02-08,12,16,26,34,42,47,X5,53,0
2014-02-12,5,8,19,34,41,49,X4,53,0
2014-02-15,1,3,5,10,38,49,X2,53,0
2014-02-19,9,14,29,31,32,36,X2,53,0
2014-02-22,4,5,14,33,39,46,X3,53,0
2014-02-26,3,36,37,41,47,48,X4,53,0
2014-03-01,2,7,9,16,19,45,X3,53,0
2014-03-05,1,7,26,40,42,46,X4,53,0
2014-03-08,7,9,13,17,21,43,X4,53,0
2014-03-12,12,14,20,25,36,52,X5,53,0
2014-03-15,16,24,26,40,41,45,X3,53,0
2014-03-19,8,9,24,36,38,40,X2,53,0
2014-03-22,1,8,10,16,52,53,X2,53,0
2014-03-26,2,16,24,32,40,47,X4,53,0
2014-03-29,4,8,13,36,38,45,X3,53,0
2014-04-02,13,23,38,41,45,48,X2,53,0
2014-04-05,9,23,24,38,40,47,X5,53,0
2014-04-09,11,26,32,44,45,51,X2,53,0
2014-04-12,6,9,14,21,28,29,X4,53,0
2014-04-16,7,20,41,43,48,51,X4,53,0
2014-04-19,9,11,12,14,21,39,X5,53,0
2014-04-23,13,22,23,35,39,48,X3,53,0
2014-04-26,8,17,21,29,36,42,X4,53,0
2014-04-30,12,28,34,40,42,47,X4,53,0
2014-05-03,9,17,19,27,31,43,X2,53,0
2014-05-07,4,12,15,24,38,40,X4,53,0
2014-05-10,1,2,10,35,42,44,X4,53,0
2014-05-14,18,19,30,31,33,43,X4,53,0
2014-05-17,3,11,13,15,33,50,X3,53,0
2014-05-21,10,12,23,34,38,53,X2,53,0
2014-05-24,3,6,17,19,45,48,X2,53,0
2014-05-28,13,14,18,26,37,45,X2,53,0
2014-05-31,2,11,31,38,49,52,X2,53,0
2014-06-04,6,13,22,39,40,48,X4,53,0
2014-06-07,17,19,25,29,47,52,X5,53,0
2014-06-11,14,21,31,42,45,52,X3,53,0
2014-06-14,3,8,21,23,35,51,X2,53,0
2014-06-18,10,15,21,25,26,36,X4,53,0
2014-06-21,8,18,31,34,36,47,X5,53,0
2014-06-25,2,9,21,36,39,48,X3,53,0
2014-06-28,12,16,23,33,46,50,X3,53,0
2014-07-02,7,15,36,37,39,45,X5,53,0
2014-07-05,1,39,41,43,46,49,X5,53,0
2014-07-09,3,8,12,13,20,32,X5,53,0
2014-07-12,2,4,14,16,44,48,X3,53,0
2014-07-16,3,6,8,33,35,37,X2,53,0
2014-07-19,6,12,13,34,41,43,X3,53,0
2014-07-23,16,32,36,44,48,52,X3,53,0
2014-07-26,1,4,6,9,33,51,X4,53,0
2014-07-30,8,31,35,36,44,51,X3,53,0
2014-08-02,3,5,9,19,44,50,X4,53,0
2014-08-06,9,16,22,25,47,53,X3,53,0
2014-08-09,14,17,26,32,45,46,X5,53,0
2014-08-13,16,39,42,46,47,48,X4,53,0
2014-08-16,6,8,14,18,29,37,X3,53,0
2014-08-20,9,18,21,39,40,51,X5,53,0
2014-08-23,3,24,26,29,44,51,X5,53,0
2014-08-27,4,10,13,40,41,49,X2,53,0
2014-08-30,4,10,27,33,43,51,X2,53,0
2014-09-03,6,15,16,20,29,32,X5,53,0
2014-09-06,3,11,13,22,44,46,X5,53,0
2014-09-10,4,5,21,34,45,52,X3,53,0
2014-09-13,11,21,31,33,46,50,X2,53,0
2014-09-17,6,10,21,34,45,47,X4,53,0
2014-09-20,2,10,14,15,36,45,X5,53,0
2014-09-24,3,20,23,38,39,53,X2,53,0
2014-09-27,2,3,9,21,23,33,X4,53,0
2014-10-01,11,13,31,42,45,52,X5,53,0
2014-10-04,2,5,15,25,39,48,X5,53,0
2014-10-08,6,16,23,34,36,52,X3,53,0
2014-10-11,7,15,20,32,41,51,X4,53,0
2014-10-15,6,10,15,25,42,52,X4,53,0
2014-10-18,1,21,25,27,29,40,X2,53,0
2014-10-22,5,6,22,39,47,48,X2,53,0
2014-10-25,1,5,19,31,49,50,X3,53,0
2014-10-29,2,12,23,26,39,52,X5,53,0
2014-11-01,10,31,33,35,36,40,X2,53,0
2014-11-05,15,17,21,22,47,51,X4,53,0
2014-11-08,14,16,19,30,37,41,X5,53,0
2014-11-12,7,13,15,43,45,49,X2,53,0
2014-11-15,3,21,39,45,47,53,X2,53,0
2014-11-19,13,16,17,26,39,41,X3,53,0
2014-11-22,5,8,14,36,37,48,X5,53,0
2014-11-26,13,24,25,35,36,39,X4,53,0
2014-11-29,7,18,25,27,30,53,X2,53,0
2014-12-03,1,7,11,19,27,52,X3,53,0
2014-12-06,3,17,29,30,31,37,X4,53,0
2014-12-10,1,4,28,31,40,41,X3,53,0
2014-12-13,4,10,12,27,49,51,X4,53,0
2014-12-17,4,5,18,21,35,48,X2,53,0
2014-12-20,1,13,18,29,39,46,X4,53,0
2014-12-24,4,22,23,41,44,53,X2,53,0
2014-12-27,5,9,15,16,23,51,X3,53,0
2014-12-31,6,10,14,16,47,51,X4,53,0
2015-01-03,2,21,24,44,50,51,X5,53,0
2015-01-07,3,7,25,29,36,52,X3,53,0
2015-01-10,6,11,23,27,36,41,X5,53,0
2015-01-14,2,5,8,11,20,40,X4,53,0
2015-01-17,9,11,31,40,44,48,X4,53,0
2015-01-21,14,20,28,35,41,49,X2,53,0
2015-01-24,4,10,22,32,38,41,X4,53,0
2015-01-28,3,6,9,33,37,48,X5,53,0
2015-01-31,2,21,28,31,47,52,X5,53,0
2015-02-04,3,13,22,34,48,52,X2,53,0
2015-02-07,9,11,18,28,36,39,X5,53,0
2015-02-11,7,16,29,30,45,53,X2,53,0
2015-02-14,19,22,28,32,43,53,X3,53,0
2015-02-18,3,10,24,29,39,45,X5,53,0
2015-02-21,1,6,11,12,25,52,X5,53,0
2015-02-25,4,21,29,31,43,51,X4,53,0
2015-02-28,2,12,13,14,37,47,X5,53,0
2015-03-04,5,19,23,31,44,46,X5,53,0
2015-03-07,28,33,37,41,44,45,X2,53,0
2015-03-11,2,18,32,33,39,40,X5,53,0
2015-03-14,4,9,11,37,38,45,X4,53,0
2015-03-18,6,18,19,22,47,53,X3,53,0
2015-03-21,1,22,25,31,39,48,X5,53,0
2015-03-25,14,15,16,31,40,44,X4,53,0
2015-03-28,8,20,27,29,34,52,X2,53,0
2015-04-01,9,20,28,33,43,45,X5,53,0
2015-04-04,3,5,9,18,47,49,X4,53,0
2015-04-08,12,15,26,37,38,52,X5,53,0
2015-04-11,23,41,43,46,48,50,X3,53,0
2015-04-15,2,13,15,26,27,34,X2,53,0
2015-04-18,3,15,16,27,38,49,X5,53,0
2015-04-22,11,13,14,21,35,43,X5,53,0
2015-04-25,16,19,31,38,42,52,X3,53,0
2015-04-29,7,10,19,22,24,48,X2,53,0
2015-05-02,4,13,16,34,43,49,X3,53,0
2015-05-06,22,23,27,30,33,47,X3,53,0
2015-05-09,26,31,36,40,52,53,X4,53,0
2015-05-13,7,12,15,21,26,43,X4,53,0
2015-05-16,5,10,11,40,50,52,X4,53,0
2015-05-20,5,19,20,27,29,53,X2,53,0
2015-05-23,5,10,13,18,36,50,X5,53,0
2015-05-27,11,13,24,38,39,42,X2,53,0
2015-05-30,6,7,14,29,30,37,X3,53,0
2015-06-03,12,16,33,36,46,47,X5,53,0
2015-06-06,16,21,23,29,32,38,X5,53,0
2015-06-10,30,31,32,41,50,53,X5,53,0
2015-06-13,7,8,13,15,28,50,X2,53,0
2015-06-17,12,16,17,19,33,39,X4,53,0
2015-06-20,10,14,28,35,42,49,X3,53,0
2015-06-24,18,46,47,48,51,53,X3,53,0
2015-06-27,6,14,21,29,30,48,X5,53,0
2015-07-01,11,18,20,30,44,48,X3,53,0
2015-07-04,14,16,21,28,34,43,X5,53,0
2015-07-08,16,19,20,23,38,39,X3,53,0
2015-07-11,2,10,17,30,37,39,X2,53,0
2015-07-15,8,15,23,28,46,53,X4,53,0
2015-07-18,8,10,18,26,40,49,X3,53,0
2015-07-22,10,26,29,38,42,46,X3,53,0
2015-07-25,3,4,9,22,36,41,X5,53,0
2015-07-29,4,16,21,26,41,52,X5,53,0
2015-08-01,3,14,18,19,29,34,X5,53,0
2015-08-05,1,22,25,27,48,52,X3,53,0
2015-08-08,5,24,30,33,37,51,X2,53,0
2015-08-12,15,21,23,25,34,42,X3,53,0
2015-08-15,1,23,24,35,39,49,X5,53,0
2015-08-19,10,29,39,40,41,52,X4,53,0
2015-08-22,16,26,29,39,45,46,X5,53,0
2015-08-26,3,8,11,23,40,43,X3,53,0
2015-08-29,5,7,13,16,30,41,X4,53,0
2015-09-02,7,9,20,25,29,37,X5,53,0
2015-09-05,4,20,36,41,44,46,X2,53,0
2015-09-09,7,20,25,26,31,42,X5,53,0
2015-09-12,10,18,28,41,44,51,X4,53,0
2015-09-16,7,8,23,35,49,51,X4,53,0
2015-09-19,1,8,10,28,30,32,X5,53,0
2015-09-23,6,17,25,27,32,51,X3,53,0
2015-09-26,3,22,26,32,40,47,X4,53,0
2015-09-30,5,14,30,34,35,42,X3,53,0
2015-10-03,13,15,30,38,52,53,X5,53,0
2015-10-07,7,14,15,28,36,37,X2,53,0
2015-10-10,4,16,22,32,46,53,X3,53,0
2015-10-14,7,10,19,21,31,38,X4,53,0
2015-10-17,9,30,39,42,44,53,X4,53,0
2015-10-21,8,18,19,23,32,40,X2,53,0
2015-10-24,12,17,18,21,46,49,X5,53,0
2015-10-28,4,13,14,19,36,46,X5,53,0
2015-10-31,1,5,7,18,19,53,X5,53,0
2015-11-04,15,18,19,36,37,51,X3,53,0
2015-11-07,2,8,9,11,13,27,X2,53,0
2015-11-11,1,4,22,39,51,52,X5,53,0
2015-11-14,11,21,27,31,44,51,X3,53,0
2015-11-18,13,17,28,31,34,35,X5,53,0
2015-11-21,15,24,28,31,46,50,X5,53,0
2015-11-25,3,16,19,31,36,52,X2,53,0
2015-11-28,1,2,4,32,33,42,X4,53,0
2015-12-02,1,16,19,22,48,52,X5,53,0
2015-12-05,3,11,39,42,45,52,X2,53,0
2015-12-09,5,18,23,30,33,47,X3,53,0
2015-12-12,9,11,24,31,38,39,X5,53,0
2015-12-16,8,14,18,22,35,42,X3,53,0
2015-12-19,3,14,20,22,32,50,X4,53,0
2015-12-23,14,18,23,31,38,49,X3,53,0
2015-12-26,1,11,18,20,27,40,X3,53,0
2015-12-30,3,10,14,17,28,53,X5,53,0
2016-01-02,16,44,47,48,52,53,X2,53,0
2016-01-06,3,6,22,29,41,52,X3,53,0
2016-01-09,5,10,17,27,38,47,X4,53,0
2016-01-13,5,22,23,36,43,47,X4,53,0
2016-01-16,4,31,36,37,48,51,X4,53,0
2016-01-20,35,38,39,43,44,48,X4,53,0
2016-01-23,8,20,24,28,38,42,X5,53,0
2016-01-27,1,10,22,24,29,48,X4,53,0
2016-01-30,5,15,27,32,45,46,X3,53,0
2016-02-03,7,11,16,20,35,46,X2,53,0
2016-02-06,7,14,17,27,34,52,X2,53,0
2016-02-10,9,13,41,45,51,53,X5,53,0
2016-02-13,9,10,21,23,37,53,X5,53,0
2016-02-17,4,11,15,22,44,49,X3,53,0
2016-02-20,11,29,32,48,49,53,X2,53,0
2016-02-24,3,21,33,43,45,50,X4,53,0
2016-02-27,1,12,25,43,44,51,X5,53,0
2016-03-02,18,19,20,21,24,38,X4,53,0
2016-03-05,1,19,32,33,38,48,X2,53,0
2016-03-09,4,8,24,28,39,47,X4,53,0
2016-03-12,14,18,19,24,25,45,X2,53,0
2016-03-16,1,5,7,12,34,53,X3,53,0
2016-03-19,2,17,25,27,38,50,X4,53,0
2016-03-23,1,12,16,23,33,36,X3,53,0
2016-03-26,7,13,18,33,40,42,X2,53,0
2016-03-30,3,12,25,38,40,47,X4,53,0
2016-04-02,6,14,16,20,35,36,X3,53,0
2016-04-06,4,5,18,37,40,51,X5,53,0
2016-04-09,9,20,28,34,48,50,X3,53,0
2016-04-13,15,19,31,36,38,43,X3,53,0
2016-04-16,8,17,20,23,26,47,X4,53,0
2016-04-20,22,24,31,33,42,52,X4,53,0
2016-04-23,18,29,41,47,49,53,X4,53,0
2016-04-27,3,11,18,25,36,50,X3,53,0
2016-04-30,1,2,12,22,41,46,X2,53,0
2016-05-04,3,10,27,34,40,47,X3,53,0
2016-05-07,7,13,22,23,33,52,X5,53,0
2016-05-11,1,4,25,26,34,53,X2,53,0
2016-05-14,3,6,8,35,36,40,X5,53,0
2016-05-18,2,8,13,17,25,49,X5,53,0
2016-05-21,8,16,28,38,43,49,X3,53,0
2016-05-25,18,23,31,41,44,47,X4,53,0
2016-05-28,5,16,22,28,34,42,X4,53,0
2016-06-01,6,17,21,31,41,51,X5,53,0
2016-06-04,7,13,16,39,40,52,X4,53,0
2016-06-08,15,19,25,28,36,49,X4,53,0
2016-06-11,5,11,39,44,46,51,X2,53,0
2016-06-15,1,20,25,28,41,47,X2,53,0
2016-06-18,17,26,31,38,45,52,X4,53,0
2016-06-22,6,7,10,25,39,44,X3,53,0
2016-06-25,7,11,32,46,48,50,X2,53,0
2016-06-29,1,5,24,35,42,53,X3,53,0
2016-07-02,7,13,17,36,43,45,X3,53,0
2016-07-06,19,27,28,29,33,53,X5,53,0
2016-07-09,2,4,16,29,33,52,X4,53,0
2016-07-13,1,13,14,28,36,40,X4,53,0
2016-07-16,3,4,5,8,23,53,X5,53,0
2016-07-20,5,11,24,42,43,48,X2,53,0
2016-07-23,13,24,26,27,45,49,X2,53,0
2016-07-27,7,9,19,29,49,52,X5,53,0
2016-07-30,10,21,22,40,42,50,X5,53,0
2016-08-03,9,12,24,27,50,52,X2,53,0
2016-08-06,1,22,27,40,42,53,X3,53,0
2016-08-10,6,8,20,44,45,48,X2,53,0
2016-08-13,12,17,20,24,25,44,X5,53,0
2016-08-17,3,8,13,14,18,33,X4,53,0
2016-08-20,2,5,7,17,29,41,X3,53,0
2016-08-24,1,4,16,22,47,52,X4,53,0
2016-08-27,5,9,36,38,43,47,X3,53,0
2016-08-31,10,27,43,44,48,49,X5,53,0
2016-09-03,4,10,24,29,47,50,X2,53,0
2016-09-07,10,15,24,33,39,42,X3,53,0
2016-09-10,3,28,34,44,52,53,X2,53,0
2016-09-14,21,25,32,37,39,43,X4,53,0
2016-09-17,14,21,26,31,35,49,X3,53,0
2016-09-21,3,15,25,45,46,48,X2,53,0
2016-09-24,15,18,24,29,31,48,X5,53,0
2016-09-28,1,5,15,16,41,51,X5,53,0
2016-10-01,2,8,22,24,27,48,X3,53,0
2016-10-05,4,6,13,32,49,51,X4,53,0
2016-10-08,5,9,17,33,40,50,X5,53,0
2016-10-12,26,30,41,43,46,48,X5,53,0
2016-10-15,1,8,13,31,34,48,X3,53,0
2016-10-19,14,15,29,38,39,49,X2,53,0
2016-10-22,12,14,27,30,42,46,X5,53,0
2016-10-26,4,15,19,38,47,50,X4,53,0
2016-10-29,6,21,22,39,43,44,X5,53,0
2016-11-02,2,4,9,14,18,39,X3,53,0
2016-11-05,13,15,34,38,44,49,X5,53,0
2016-11-09,4,9,19,44,48,50,X3,53,0
2016-11-12,2,16,22,28,38,42,X4,53,0
2016-11-16,4,12,18,24,25,36,X4,53,0
2016-11-19,16,29,30,33,41,50,X3,53,0
2016-11-23,2,4,10,26,29,31,X4,53,0
2016-11-26,8,21,33,36,37,38,X3,53,0
2016-11-30,9,22,27,37,44,47,X3,53,0
2016-12-03,1,9,12,30,34,35,X4,53,0
2016-12-07,1,13,20,26,29,31,X2,53,0
2016-12-10,8,17,21,41,42,45,X5,53,0
2016-12-14,4,5,26,32,37,38,X2,53,0
2016-12-17,5,6,24,30,32,42,X5,53,0
2016-12-21,2,4,7,21,34,48,X5,53,0
2016-12-24,13,18,20,29,48,52,X3,53,0
2016-12-28,20,25,37,42,44,48,X4,53,0
2016-12-31,2,4,11,14,38,44,X5,53,0
2017-01-04,13,21,24,38,47,48,X5,53,0
2017-01-07,2,5,28,30,31,33,X2,53,0
2017-01-11,10,17,19,30,45,49,X4,53,0
2017-01-14,14,25,26,35,41,44,X2,53,0
2017-01-18,15,25,43,44,49,53,X3,53,0
2017-01-21,7,16,17,27,43,53,X2,53,0
2017-01-25,1,6,7,8,43,50,X2,53,0
2017-01-28,1,5,9,37,38,53,X5,53,0
2017-02-01,4,7,25,34,40,46,X5,53,0
2017-02-04,10,12,22,24,31,37,X5,53,0
2017-02-08,7,14,16,30,46,48,X2,53,0
2017-02-11,1,2,3,4,37,47,X2,53,0
2017-02-15,6,17,20,21,40,43,X5,53,0
2017-02-18,9,15,21,44,46,47,X3,53,0
2017-02-22,4,25,26,29,31,33,X3,53,0
2017-02-25,20,21,35,39,49,53,X4,53,0
2017-03-01,9,12,17,21,30,49,X5,53,0
2017-03-04,7,14,20,22,27,33,X2,53,0
2017-03-08,6,23,25,36,43,49,X5,53,0
2017-03-11,1,23,29,31,38,53,X5,53,0
2017-03-15,9,14,16,20,28,45,X3,53,0
2017-03-18,17,23,27,35,36,40,X2,53,0
2017-03-22,3,13,21,30,32,42,X5,53,0
2017-03-25,15,18,28,34,37,47,X4,53,0
2017-03-29,1,8,21,23,31,36,X4,53,0
2017-04-01,2,8,9,36,42,48,X5,53,0
2017-04-05,17,19,24,27,30,47,X3,53,0
2017-04-08,20,35,36,46,48,53,X4,53,0
2017-04-12,2,8,12,15,18,47,X3,53,0
2017-04-15,12,19,22,23,26,29,X5,53,0
2017-04-19,4,27,28,35,37,45,X3,53,0
2017-04-22,16,20,28,33,47,48,X5,53,0
2017-04-26,19,29,36,37,45,46,X3,53,0
2017-04-29,26,31,32,43,44,45,X4,53,0
2017-05-03,1,6,11,32,41,43,X4,53,0
2017-05-06,5,6,13,16,21,48,X4,53,0
2017-05-10,20,22,23,26,35,51,X5,53,0
2017-05-13,4,16,20,21,27,43,X3,53,0
2017-05-17,3,7,20,34,38,43,X2,53,0
2017-05-20,6,15,30,34,39,49,X2,53,0
2017-05-24,1,6,19,34,43,50,X4,53,0
2017-05-27,6,20,22,44,45,50,X5,53,0
2017-05-31,20,31,37,46,47,49,X5,53,0
2017-06-03,5,11,12,27,41,52,X3,53,0
2017-06-07,3,12,21,35,41,50,X3,53,0
2017-06-10,2,15,28,34,46,52,X5,53,0
2017-06-14,3,6,7,10,20,29,X2,53,0
2017-06-17,2,6,19,38,47,48,X2,53,0
2017-06-21,5,8,14,31,44,51,X5,53,0
2017-06-24,4,12,23,34,40,41,X3,53,0
2017-06-28,4,11,26,48,49,53,X3,53,0
2017-07-01,9,20,27,37,42,47,X4,53,0
2017-07-05,5,10,28,32,40,42,X5,53,0
2017-07-08,1,15,22,35,38,46,X5,53,0
2017-07-12,1,6,8,9,11,22,X3,53,0
2017-07-15,2,17,21,22,39,43,X5,53,0
2017-07-19,3,10,20,29,35,50,X3,53,0
2017-07-22,9,14,16,22,25,46,X4,53,0
2017-07-26,15,16,23,41,50,52,X2,53,0
2017-07-29,1,3,14,22,26,44,X4,53,0
2017-08-02,3,4,6,10,30,42,X4,53,0
2017-08-05,7,19,25,37,47,49,X3,53,0
2017-08-09,7,12,22,38,51,53,X2,53,0
2017-08-12,4,12,13,15,29,47,X4,53,0
2017-08-16,14,37,45,48,51,52,X2,53,0
2017-08-19,5,12,19,24,33,48,X2,53,0
2017-08-23,2,12,18,22,24,25,X5,53,0
2017-08-26,1,2,25,29,40,44,X3,53,0
2017-08-30,1,6,16,20,31,43,X4,53,0
2017-09-02,2,4,12,19,48,49,X3,53,0
2017-09-06,12,22,27,42,47,49,X5,53,0
2017-09-09,1,12,17,26,35,45,X4,53,0
2017-09-13,17,22,44,45,49,53,X2,53,0
2017-09-16,10,31,45,50,51,52,X5,53,0
2017-09-20,1,7,36,40,42,53,X3,53,0
2017-09-23,1,4,10,13,39,51,X4,53,0
2017-09-27,16,20,26,31,49,53,X3,53,0
2017-09-30,1,5,8,43,45,51,X5,53,0
2017-10-04,6,14,25,27,39,53,X3,53,0
2017-10-07,18,23,27,35,42,45,X2,53,0
2017-10-11,9,15,25,29,37,38,X3,53,0
2017-10-14,30,31,32,44,47,51,X2,53,0
2017-10-18,1,3,15,24,47,52,X4,53,0
2017-10-21,2,8,23,26,37,40,X5,53,0
2017-10-25,8,19,29,38,47,49,X2,53,0
2017-10-28,3,20,25,29,43,45,X4,53,0
2017-11-01,17,20,22,28,31,34,X2,53,0
2017-11-04,3,9,20,30,34,37,X5,53,0
2017-11-08,3,8,10,13,40,53,X5,53,0
2017-11-11,13,21,32,37,40,44,X3,53,0
2017-11-15,13,15,19,24,33,40,X4,53,0
2017-11-18,19,20,28,37,47,48,X4,53,0
2017-11-22,2,13,19,22,36,51,X4,53,0
2017-11-25,1,11,18,36,37,39,X2,53,0
2017-11-29,1,18,19,25,31,50,X3,53,0
2017-12-02,9,12,14,26,31,50,X5,53,0
2017-12-06,14,16,26,39,44,45,X5,53,0
2017-12-09,6,11,19,20,34,36,X2,53,0
2017-12-13,1,7,13,16,23,28,X2,53,0
2017-12-16,6,12,32,38,40,45,X3,53,0
2017-12-20,25,35,40,45,48,53,X3,53,0
2017-12-23,14,16,17,35,46,50,X2,53,0
2017-12-27,6,16,30,31,51,53,X3,53,0
2017-12-30,1,5,9,25,52,53,X5,53,0
2018-01-03,4,28,30,36,44,48,X5,53,0
2018-01-06,11,28,30,33,36,49,X2,53,0
2018-01-10,5,19,20,24,27,51,X4,53,0
2018-01-13,1,8,22,24,27,50,X3,53,0
2018-01-17,1,15,16,24,33,52,X3,53,0
2018-01-20,10,12,20,29,38,49,X2,53,0
2018-01-24,4,17,20,21,26,39,X3,53,0
2018-01-27,10,27,28,30,45,51,X4,53,0
2018-01-31,15,21,32,40,41,46,X2,53,0
2018-02-03,16,19,21,37,50,51,X3,53,0
2018-02-07,11,19,24,43,48,49,X5,53,0
2018-02-10,5,7,26,30,37,46,X4,53,0
2018-02-14,1,2,14,26,32,38,X5,53,0
2018-02-17,3,28,31,38,39,51,X4,53,0
2018-02-21,3,15,24,27,37,50,X4,53,0
2018-02-24,4,14,22,30,44,48,X2,53,0
2018-02-28,1,7,9,10,21,48,X5,53,0
2018-03-03,1,16,18,32,40,48,X5,53,0
2018-03-07,1,6,41,49,50,51,X4,53,0
2018-03-10,7,15,18,30,47,51,X2,53,0
2018-03-14,11,16,21,27,30,31,X5,53,0
2018-03-17,5,23,24,34,36,41,X4,53,0
2018-03-21,2,6,8,22,35,52,X5,53,0
2018-03-24,17,26,30,40,45,49,X5,53,0
2018-03-28,6,9,16,29,33,52,X4,53,0
2018-03-31,5,12,20,22,39,46,X2,53,0
2018-04-04,1,5,11,12,25,48,X5,53,0
2018-04-07,10,23,30,36,40,42,X3,53,0
2018-04-11,3,4,7,22,43,51,X3,53,0
2018-04-14,4,8,26,27,28,50,X4,53,0
2018-04-18,1,4,13,27,35,45,X3,53,0
2018-04-21,16,26,30,32,36,45,X5,53,0
2018-04-25,13,19,20,23,32,43,X5,53,0
2018-04-28,14,16,17,19,25,35,X4,53,0
2018-05-02,29,32,38,42,44,49,X2,53,0
2018-05-05,9,21,37,38,39,47,X3,53,0
2018-05-09,6,19,22,23,25,28,X3,53,0
2018-05-12,10,16,20,28,40,42,X3,53,0
2018-05-16,1,11,17,42,45,49,X2,53,0
2018-05-19,4,12,14,19,21,51,X2,53,0
2018-05-23,5,9,18,24,25,27,X3,53,0
2018-05-26,4,8,9,42,46,53,X5,53,0
2018-05-30,2,41,46,48,50,52,X5,53,0
2018-06-02,15,20,21,23,28,52,X3,53,0
2018-06-06,19,21,38,43,47,48,X5,53,0
2018-06-09,17,20,26,44,47,50,X4,53,0
2018-06-13,6,15,21,26,44,50,X4,53,0
2018-06-16,4,7,22,24,26,27,X4,53,0
2018-06-20,12,15,26,32,34,46,X4,53,0
2018-06-23,10,15,16,19,47,52,X3,53,0
2018-06-27,3,21,28,38,42,52,X2,53,0
2018-06-30,13,24,28,32,37,47,X5,53,0
2018-07-04,12,28,34,43,48,52,X4,53,0
2018-07-07,7,14,16,19,22,35,X3,53,0
2018-07-11,1,19,29,43,49,52,X5,53,0
2018-07-14,1,19,34,48,49,52,X4,53,0
2018-07-18,10,20,36,44,46,53,X3,53,0
2018-07-21,6,12,20,26,27,34,X2,53,0
2018-07-25,11,12,14,22,32,36,X3,53,0
2018-07-28,14,28,35,36,44,50,X4,53,0
2018-08-01,18,35,38,40,46,53,X5,53,0
2018-08-04,7,16,31,35,37,53,X5,53,0
2018-08-08,3,4,11,17,25,45,X2,53,0
2018-08-11,5,9,31,39,42,51,X4,53,0
2018-08-15,2,17,27,32,33,52,X2,53,0
2018-08-18,11,14,38,43,51,52,X3,53,0
2018-08-22,7,9,22,45,47,52,X4,53,0
2018-08-25,1,3,19,22,33,37,X3,53,0
2018-08-29,15,20,23,36,38,44,X3,53,0
2018-09-01,20,23,24,41,47,51,X3,53,0
2018-09-05,8,9,13,18,20,46,X3,53,0
2018-09-08,20,21,22,35,45,53,X4,53,0
2018-09-12,4,16,31,33,46,50,X5,53,0
2018-09-15,4,5,35,40,46,53,X5,53,0
2018-09-19,5,14,17,21,23,53,X4,53,0
2018-09-22,12,13,14,25,28,36,X2,53,0
2018-09-26,2,8,9,25,35,53,X4,53,0
2018-09-29,24,31,33,42,49,51,X5,53,0
2018-10-03,11,12,31,35,37,45,X3,53,0
2018-10-06,15,22,34,40,42,47,X3,53,0
2018-10-10,16,23,24,26,27,28,X5,53,0
2018-10-13,12,14,20,26,32,52,X4,53,0
2018-10-17,4,8,40,41,44,48,X4,53,0
2018-10-20,3,13,14,30,35,46,X3,53,0
2018-10-24,4,27,29,31,41,43,X3,53,0
2018-10-27,1,7,9,22,26,30,X5,53,0
2018-10-31,6,7,16,26,44,45,X4,53,0
2018-11-03,3,10,18,27,41,43,X2,53,0
2018-11-07,2,12,23,27,44,48,X2,53,0
2018-11-10,26,30,35,39,45,46,X5,53,0
2018-11-14,3,6,16,27,32,43,X3,53,0
2018-11-17,4,18,26,30,45,51,X4,53,0
2018-11-21,12,14,20,21,34,50,X2,53,0
2018-11-24,10,19,30,33,51,52,X3,53,0
2018-11-28,5,12,16,19,45,48,X5,53,0
2018-12-01,21,30,39,44,45,46,X3,53,0
2018-12-05,1,5,20,24,28,52,X4,53,0
2018-12-08,10,15,28,38,43,44,X4,53,0
2018-12-12,2,9,25,28,32,43,X3,53,0
2018-12-15,1,10,16,31,36,39,X2,53,0
2018-12-19,5,10,13,25,26,34,X5,53,0
2018-12-22,14,32,40,49,51,53,X2,53,0
2018-12-26,1,14,17,21,40,43,X2,53,0
2018-12-29,3,24,44,48,50,51,X4,53,0
2019-01-02,6,13,30,34,46,48,X5,53,0
2019-01-05,14,20,22,28,36,37,X3,53,0
2019-01-09,4,18,19,28,33,38,X5,53,0
2019-01-12,8,9,15,42,46,48,X3,53,0
2019-01-16,5,6,22,23,43,47,X2,53,0
2019-01-19,6,8,19,21,39,46,X2,53,0
2019-01-23,4,5,7,19,34,45,X5,53,0
2019-01-26,2,14,26,29,36,51,X3,53,0
2019-01-30,4,16,35,37,43,53,X3,53,0
2019-02-02,2,6,15,20,24,47,X5,53,0
2019-02-06,2,5,10,35,51,53,X5,53,0
2019-02-09,2,12,40,44,47,49,X3,53,0
2019-02-13,9,27,31,37,41,44,X5,53,0
2019-02-16,2,12,16,29,43,52,X4,53,0
2019-02-20,14,30,32,34,52,53,X3,53,0
2019-02-23,10,12,18,27,36,51,X4,53,0
2019-02-27,20,25,34,35,46,53,X3,53,0
2019-03-02,4,15,39,40,42,50,X2,53,0
2019-03-06,8,9,19,23,26,27,X5,53,0
2019-03-09,3,16,26,30,34,48,X2,53,0
2019-03-13,5,23,24,26,29,51,X2,53,0
2019-03-16,1,5,13,18,28,32,X5,53,0
2019-03-20,11,29,30,37,45,53,X4,53,0
2019-03-23,2,21,23,25,33,34,X5,53,0
2019-03-27,13,17,19,23,39,50,X2,53,0
2019-03-30,10,13,23,49,51,53,X3,53,0
2019-04-03,9,18,22,37,44,46,X3,53,0
2019-04-06,4,8,36,37,40,50,X5,53,0
2019-04-10,18,22,34,39,48,53,X3,53,0
2019-04-13,5,18,28,37,42,49,X3,53,0
2019-04-17,2,25,31,45,52,53,X5,53,0
2019-04-20,4,15,19,23,31,53,X4,53,0
2019-04-24,2,4,21,27,32,45,X2,53,0
2019-04-27,1,17,27,36,42,51,X3,53,0
2019-05-01,18,27,28,30,35,43,X4,53,0
2019-05-04,1,4,14,33,36,43,X3,53,0
2019-05-08,1,11,12,24,31,33,X2,53,0
2019-05-11,10,12,18,25,27,49,X5,53,0
2019-05-15,16,22,36,38,42,43,X4,53,0
2019-05-18,23,29,33,39,45,48,X4,53,0
2019-05-22,8,14,27,38,49,51,X3,53,0
2019-05-25,29,32,48,50,51,53,X2,53,0
2019-05-29,5,15,31,32,45,47,X5,53,0
2019-06-01,17,24,26,28,51,53,X2,53,0
2019-06-05,2,4,24,30,39,40,X2,53,0
2019-06-08,6,19,34,40,42,50,X5,53,0
2019-06-12,12,18,26,32,36,43,X4,53,0
2019-06-15,3,34,38,42,45,52,X5,53,0
2019-06-19,3,7,37,46,51,53,X5,53,0
2019-06-22,13,14,18,29,32,49,X4,53,0
2019-06-26,14,20,33,40,42,48,X3,53,0
2019-06-29,19,22,27,31,34,52,X4,53,0
2019-07-03,22,27,31,33,40,42,X2,53,0
2019-07-06,9,10,20,25,37,51,X2,53,0
2019-07-10,1,2,9,25,28,33,X5,53,0
2019-07-13,4,8,11,17,34,37,X5,53,0
2019-07-17,1,13,19,24,39,44,X2,53,0
2019-07-20,7,28,31,32,34,43,X4,53,0
2019-07-24,5,19,20,28,43,47,X2,53,0
2019-07-27,5,6,14,15,44,50,X3,53,0
2019-07-31,2,4,25,28,38,46,X3,53,0
2019-08-03,6,21,33,34,51,53,X5,53,0
2019-08-07,8,22,25,36,52,53,X3,53,0
2019-08-10,3,6,14,27,39,51,X3,53,0
2019-08-14,7,13,22,35,51,53,X5,53,0
2019-08-17,2,6,19,25,41,42,X3,53,0
2019-08-21,4,13,35,38,41,50,X5,53,0
2019-08-24,9,10,19,26,31,34,X2,53,0
2019-08-28,1,13,18,38,42,53,X2,53,0
2019-08-31,6,12,18,19,38,51,X3,53,0
2019-09-04,4,15,25,35,46,50,X2,53,0
2019-09-07,5,13,20,30,47,52,X3,53,0
2019-09-11,19,31,33,39,43,48,X2,53,0
2019-09-14,4,14,17,31,39,45,X5,53,0
2019-09-18,19,23,24,28,44,45,X4,53,0
2019-09-21,20,30,36,45,49,51,X5,53,0
2019-09-25,5,14,25,32,49,52,X3,53,0
2019-09-28,11,27,46,49,50,51,X3,53,0
2019-10-02,3,13,18,28,44,47,X3,53,0
2019-10-05,14,17,20,21,43,52,X3,53,0
2019-10-09,5,16,23,28,30,40,X3,53,0
2019-10-12,9,25,34,37,40,46,X3,53,0
2019-10-16,10,25,27,41,46,48,X2,53,0
2019-10-19,5,35,40,42,43,48,X5,53,0
2019-10-23,2,15,19,29,30,36,X5,53,0
2019-10-26,6,26,28,32,36,43,X5,53,0
2019-10-30,9,13,18,30,37,44,X3,53,0
2019-11-02,4,13,22,27,30,38,X4,53,0
2019-11-06,4,13,16,41,45,47,X4,53,0
2019-11-09,12,15,25,26,47,51,X4,53,0
2019-11-13,11,14,21,46,49,51,X5,53,0
2019-11-16,16,33,38,42,46,51,X5,53,0
2019-11-20,6,28,45,46,50,51,X5,53,0
2019-11-23,4,12,22,23,29,32,X2,53,0
2019-11-27,27,33,43,48,50,51,X2,53,0
2019-11-30,11,23,30,41,44,50,X3,53,0
2019-12-04,9,10,22,25,39,43,X5,53,0
2019-12-07,1,2,10,17,26,30,X4,53,0
2019-12-11,2,25,30,34,49,51,X2,53,0
2019-12-14,1,14,19,39,44,45,X5,53,0
2019-12-18,9,15,27,32,35,47,X4,53,0
2019-12-21,1,5,14,32,40,46,X5,53,0
2019-12-25,5,15,21,42,47,53,X4,53,0
2019-12-28,17,18,19,28,30,37,X2,53,0
2020-01-01,3,5,15,18,30,31,X3,53,0
2020-01-04,2,10,18,30,35,49,X2,53,0
2020-01-08,5,17,28,44,51,53,X3,53,0
2020-01-11,3,27,36,40,45,49,X4,53,0
2020-01-15,2,26,27,29,46,51,X3,53,0
2020-01-18,2,10,29,34,46,51,X5,53,0
2020-01-22,2,9,20,21,26,44,X3,53,0
2020-01-25,3,18,24,46,51,53,X4,53,0
2020-01-29,4,28,37,43,47,53,X5,53,0
2020-02-01,4,13,27,29,43,49,X3,53,0
2020-02-05,3,5,6,9,18,38,X4,53,0
2020-02-08,5,11,18,30,34,44,X5,53,0
2020-02-12,1,5,9,10,12,32,X3,53,0
2020-02-15,8,10,11,14,21,50,X3,53,0
2020-02-19,14,18,22,28,40,53,X3,53,0
2020-02-22,6,17,18,19,32,36,X3,53,0
2020-02-26,3,10,15,19,20,28,X5,53,0
2020-02-29,5,9,12,15,37,45,X4,53,0
2020-03-04,1,13,27,33,41,51,X5,53,0
2020-03-07,1,2,13,31,33,53,X5,53,0
2020-03-11,3,7,40,42,46,51,X5,53,0
2020-03-14,12,13,39,41,44,50,X3,53,0
2020-03-18,3,14,22,47,50,53,X2,53,0
2020-03-21,35,37,39,46,48,52,X3,53,0
2020-03-25,7,11,14,15,23,38,X4,53,0
2020-03-28,16,22,33,37,40,41,X4,53,0
2020-04-01,1,5,9,23,24,47,X4,53,0
2020-04-04,10,17,18,20,30,41,X5,53,0
2020-04-08,1,12,33,37,40,51,X2,53,0
2020-04-11,12,18,28,34,40,53,X3,53,0
2020-04-15,2,5,7,31,37,43,X5,53,0
2020-04-18,8,23,25,34,49,53,X3,53,0
2020-04-22,10,19,20,25,29,38,X4,53,0
2020-04-25,6,12,16,27,30,44,X5,53,0
2020-04-29,7,16,25,33,43,46,X5,53,0
2020-05-02,6,26,38,41,42,47,X2,53,0
2020-05-06,16,30,38,43,51,53,X2,53,0
2020-05-09,6,23,32,33,42,49,X5,53,0
2020-05-13,5,15,18,34,37,47,X4,53,0
2020-05-16,9,10,22,27,32,44,X2,53,0
2020-05-20,27,34,41,45,48,50,X5,53,0
2020-05-23,6,18,22,32,35,51,X3,53,0
2020-05-27,18,21,27,31,38,52,X2,53,0
2020-05-30,1,12,18,23,24,45,X2,53,0
2020-06-03,3,9,14,20,22,42,X4,53,0
2020-06-06,27,32,36,38,43,50,X5,53,0
2020-06-10,2,30,32,41,51,52,X4,53,0
2020-06-13,10,23,27,32,43,50,X5,53,0
2020-06-17,5,8,23,25,28,35,X4,53,0
2020-06-20,19,43,45,46,48,50,X4,53,0
2020-06-24,26,33,38,42,44,49,X5,53,0
2020-06-27,2,4,6,11,16,38,X3,53,0
2020-07-01,12,20,23,37,48,51,X4,53,0
2020-07-04,6,15,18,20,40,41,X4,53,0
2020-07-08,7,12,13,19,26,45,X3,53,0
2020-07-11,2,20,24,26,38,48,X5,53,0
2020-07-15,5,9,11,30,31,47,X3,53,0
2020-07-18,4,5,12,16,20,23,X2,53,0
2020-07-22,7,11,23,24,36,38,X5,53,0
2020-07-25,3,12,16,17,35,50,X3,53,0
2020-07-29,6,26,28,35,43,51,X5,53,0
2020-08-01,10,24,26,30,41,45,X4,53,0
2020-08-05,21,24,33,45,48,52,X3,53,0
2020-08-08,10,17,22,34,42,43,X2,53,0
2020-08-12,3,13,24,32,42,53,X4,53,0
2020-08-15,17,31,34,37,42,45,X5,53,0
2020-08-19,2,4,6,42,43,51,X2,53,0
2020-08-22,12,17,27,30,31,44,X2,53,0
2020-08-26,19,22,27,34,38,45,X5,53,0
2020-08-29,12,25,28,31,33,50,X4,53,0
2020-09-02,19,30,41,46,48,49,X3,53,0
2020-09-05,6,10,21,28,40,44,X4,53,0
2020-09-09,5,6,28,41,43,47,X5,53,0
2020-09-12,6,17,33,35,50,51,X5,53,0
2020-09-16,3,15,17,35,43,44,X5,53,0
2020-09-19,10,16,35,36,39,41,X3,53,0
2020-09-23,2,16,23,24,34,52,X3,53,0
2020-09-26,10,14,23,42,47,48,X2,53,0
2020-09-30,2,15,26,32,34,41,X3,53,0
2020-10-03,2,22,24,29,38,44,X5,53,0
2020-10-07,4,11,14,18,42,49,X3,53,0
2020-10-10,3,4,12,26,40,45,LOTTO,53,0
2020-10-10,17,18,23,30,32,43,LOTTO DP,53,0
2020-10-14,2,10,27,31,34,42,LOTTO,53,0
2020-10-14,1,5,9,31,39,44,LOTTO DP,53,0
2020-10-17,2,5,36,38,39,53,LOTTO,53,0
2020-10-17,1,17,27,35,52,53,LOTTO DP,53,0
2020-10-21,3,13,14,15,33,34,LOTTO,53,0
2020-10-21,7,10,15,20,24,25,LOTTO DP,53,0
2020-10-24,12,15,32,35,41,53,LOTTO,53,1
2020-10-24,16,34,36,38,49,52,LOTTO DP,53,1
2020-10-28,19,20,36,39,40,47,LOTTO,53,0
2020-10-28,2,11,20,32,35,51,LOTTO DP,53,0
2020-10-31,3,27,29,35,44,50,LOTTO,53,0
2020-10-31,13,14,25,29,43,48,LOTTO DP,53,0
2020-11-04,5,7,9,16,47,52,LOTTO,53,0
2020-11-04,3,13,40,42,48,53,LOTTO DP,53,0
2020-11-07,14,16,29,33,40,46,LOTTO,53,0
2020-11-07,2,15,16,34,45,51,LOTTO DP,53,0
2020-11-11,5,18,21,22,45,51,LOTTO,53,0
2020-11-11,11,15,24,27,34,36,LOTTO DP,53,0
2020-11-14,15,29,30,38,41,53,LOTTO,53,0
2020-11-14,9,12,21,47,49,53,LOTTO DP,53,0
2020-11-18,2,38,42,45,47,50,LOTTO,53,0
2020-11-18,17,19,26,27,42,43,LOTTO DP,53,0
2020-11-21,5,21,30,32,48,52,LOTTO,53,0
2020-11-21,1,11,15,44,45,48,LOTTO DP,53,0
2020-11-25,16,20,29,42,43,48,LOTTO,53,0
2020-11-25,12,22,30,34,45,53,LOTTO DP,53,0
2020-11-28,2,4,8,11,26,32,LOTTO,53,0
2020-11-28,6,24,31,36,42,46,LOTTO DP,53,0
2020-12-02,2,7,24,34,43,47,LOTTO,53,0
2020-12-02,28,31,35,36,37,46,LOTTO DP,53,0
2020-12-05,14,27,32,39,44,53,LOTTO,53,0
2020-12-05,5,20,26,27,39,47,LOTTO DP,53,0
2020-12-09,1,3,10,16,20,45,LOTTO,53,0
2020-12-09,5,26,28,33,49,50,LOTTO DP,53,0
2020-12-12,9,12,39,45,49,51,LOTTO,53,0
2020-12-12,8,27,30,33,37,50,LOTTO DP,53,0
2020-12-16,2,7,17,25,44,53,LOTTO,53,0
2020-12-16,10,20,27,30,32,42,LOTTO DP,53,0
2020-12-19,2,8,35,37,40,53,LOTTO,53,0
2020-12-19,15,19,29,37,38,52,LOTTO DP,53,0
2020-12-23,1,25,29,31,32,47,LOTTO,53,0
2020-12-23,16,24,30,36,42,45,LOTTO DP,53,0
2020-12-26,6,16,25,30,35,50,LOTTO,53,0
2020-12-26,12,13,21,31,32,46,LOTTO DP,53,0
2020-12-30,12,13,21,39,41,46,LOTTO,53,0
2020-12-30,7,13,20,32,36,45,LOTTO DP,53,0
2021-01-02,12,14,19,31,50,52,LOTTO,53,0
2021-01-02,28,32,34,46,49,50,LOTTO DP,53,0
2021-01-06,8,22,35,41,43,52,LOTTO,53,0
2021-01-06,4,8,26,35,50,53,LOTTO DP,53,0
2021-01-09,5,14,34,35,36,44,LOTTO,53,0
2021-01-09,5,8,40,44,49,52,LOTTO DP,53,0
2021-01-13,2,9,15,20,25,46,LOTTO,53,0
2021-01-13,2,3,11,15,27,39,LOTTO DP,53,0
2021-01-16,14,29,40,49,50,52,LOTTO,53,0
2021-01-16,3,14,27,31,50,53,LOTTO DP,53,0
2021-01-20,11,38,39,40,51,52,LOTTO,53,0
2021-01-20,8,11,18,39,40,43,LOTTO DP,53,0
2021-01-23,4,28,32,33,40,53,LOTTO,53,0
2021-01-23,14,26,33,34,43,47,LOTTO DP,53,0
2021-01-27,1,12,17,22,25,45,LOTTO,53,0
2021-01-27,15,24,39,41,42,48,LOTTO DP,53,0
2021-01-30,1,7,15,27,39,47,LOTTO,53,0
2021-01-30,7,15,19,21,25,37,LOTTO DP,53,0
2021-02-03,3,6,24,29,47,49,LOTTO,53,0
2021-02-03,8,19,21,22,45,53,LOTTO DP,53,0
2021-02-06,3,4,6,16,25,44,LOTTO,53,0
2021-02-06,5,8,17,28,40,41,LOTTO DP,53,0
2021-02-10,3,4,25,29,34,44,LOTTO,53,0
2021-02-10,9,13,23,33,39,43,LOTTO DP,53,0
2021-02-13,4,5,18,27,30,37,LOTTO,53,0
2021-02-13,15,19,20,28,34,42,LOTTO DP,53,0
2021-02-17,2,5,28,31,39,46,LOTTO,53,0
2021-02-17,3,26,27,32,37,46,LOTTO DP,53,0
2021-02-20,3,4,11,16,19,33,LOTTO,53,0
2021-02-20,2,4,5,16,34,52,LOTTO DP,53,0
2021-02-24,11,22,40,47,48,50,LOTTO,53,0
2021-02-24,5,6,17,26,27,46,LOTTO DP,53,0
2021-02-27,8,9,19,33,36,39,LOTTO,53,0
2021-02-27,6,11,12,14,18,46,LOTTO DP,53,0
2021-03-03,18,22,23,24,35,41,LOTTO,53,0
2021-03-03,11,29,30,35,42,47,LOTTO DP,53,0
2021-03-06,2,19,32,36,50,52,LOTTO,53,0
2021-03-06,4,13,21,38,48,51,LOTTO DP,53,0
2021-03-10,7,14,31,36,38,49,LOTTO,53,0
2021-03-10,14,26,29,30,38,40,LOTTO DP,53,0
2021-03-13,3,7,11,20,36,47,LOTTO,53,0
2021-03-13,3,8,26,28,31,42,LOTTO DP,53,0
2021-03-17,7,16,17,28,32,41,LOTTO,53,0
2021-03-17,19,21,27,30,36,47,LOTTO DP,53,0
2021-03-20,20,21,32,34,41,47,LOTTO,53,0
2021-03-20,4,6,12,34,49,53,LOTTO DP,53,0
2021-03-24,3,10,25,33,37,44,LOTTO,53,0
2021-03-24,11,12,17,32,36,53,LOTTO DP,53,0
2021-03-27,9,17,25,29,52,53,LOTTO,53,0
2021-03-27,14,21,24,32,41,45,LOTTO DP,53,0
2021-03-31,9,21,34,35,37,43,LOTTO,53,0
2021-03-31,6,31,40,47,48,52,LOTTO DP,53,0
2021-04-03,2,12,16,27,31,36,LOTTO,53,0
2021-04-03,6,16,30,37,50,52,LOTTO DP,53,0
2021-04-07,3,19,24,30,42,44,LOTTO,53,0
2021-04-07,5,8,13,44,46,51,LOTTO DP,53,0
2021-04-10,6,9,15,18,45,53,LOTTO,53,0
2021-04-10,2,4,11,27,32,38,LOTTO DP,53,0
2021-04-14,3,17,31,34,39,52,LOTTO,53,0
2021-04-14,6,10,17,35,38,42,LOTTO DP,53,0
2021-04-17,2,7,10,11,31,33,LOTTO,53,0
2021-04-17,4,10,23,24,41,52,LOTTO DP,53,0
2021-04-21,6,11,21,28,39,51,LOTTO,53,1
2021-04-21,3,13,27,28,35,52,LOTTO DP,53,1
2021-04-24,10,19,28,36,37,52,LOTTO,53,0
2021-04-24,1,18,33,36,39,41,LOTTO DP,53,0
2021-04-28,7,9,40,43,47,49,LOTTO,53,0
2021-04-28,16,18,28,34,45,51,LOTTO DP,53,0
2021-05-01,10,13,21,22,28,38,LOTTO,53,0
2021-05-01,5,10,15,22,37,49,LOTTO DP,53,0
2021-05-05,7,25,27,41,51,53,LOTTO,53,0
2021-05-05,2,6,28,41,44,51,LOTTO DP,53,0
2021-05-08,9,20,26,29,34,51,LOTTO,53,0
2021-05-08,8,13,14,20,42,43,LOTTO DP,53,0
2021-05-12,7,10,11,13,47,48,LOTTO,53,0
2021-05-12,1,8,21,28,38,47,LOTTO DP,53,0
2021-05-15,9,11,15,29,33,51,LOTTO,53,0
2021-05-15,8,15,20,26,32,36,LOTTO DP,53,0
2021-05-19,10,12,23,31,33,51,LOTTO,53,0
2021-05-19,18,23,24,32,38,50,LOTTO DP,53,0
2021-05-22,12,15,18,24,52,53,LOTTO,53,0
2021-05-22,8,11,23,26,37,49,LOTTO DP,53,0
2021-05-26,4,6,16,25,28,52,LOTTO,53,0
2021-05-26,4,13,14,17,21,35,LOTTO DP,53,0
2021-05-29,21,27,35,41,49,52,LOTTO,53,0
2021-05-29,9,19,20,22,46,48,LOTTO DP,53,0
2021-06-02,15,20,23,37,43,52,LOTTO,53,0
2021-06-02,10,21,36,37,48,52,LOTTO DP,53,0
2021-06-05,9,15,18,19,25,30,LOTTO,53,0
2021-06-05,11,19,22,30,46,49,LOTTO DP,53,0
2021-06-09,9,10,11,18,34,46,LOTTO,53,0
2021-06-09,14,26,31,32,33,34,LOTTO DP,53,0
2021-06-12,8,11,22,46,47,48,LOTTO,53,0
2021-06-12,8,12,13,24,42,43,LOTTO DP,53,0
2021-06-16,8,14,20,28,44,46,LOTTO,53,0
2021-06-16,1,17,43,45,46,50,LOTTO DP,53,0
2021-06-19,5,18,25,30,47,48,LOTTO,53,0
2021-06-19,2,18,19,27,33,52,LOTTO DP,53,0
2021-06-23,10,14,35,42,50,52,LOTTO,53,0
2021-06-23,10,12,19,39,51,53,LOTTO DP,53,0
2021-06-26,6,15,22,25,33,44,LOTTO,53,0
2021-06-26,6,16,17,18,24,41,LOTTO DP,53,0
2021-06-30,7,14,16,19,28,34,LOTTO,53,0
2021-06-30,11,23,28,31,43,48,LOTTO DP,53,0
2021-07-03,20,25,35,37,39,48,LOTTO,53,0
2021-07-03,17,22,40,42,43,46,LOTTO DP,53,0
2021-07-07,7,11,15,37,45,51,LOTTO,53,0
2021-07-07,11,14,23,24,27,41,LOTTO DP,53,0
2021-07-10,2,10,13,33,39,48,LOTTO,53,0
2021-07-10,3,13,25,50,52,53,LOTTO DP,53,0
2021-07-14,10,15,21,31,32,53,LOTTO,53,0
2021-07-14,11,15,16,18,48,52,LOTTO DP,53,0
2021-07-17,1,2,5,15,31,49,LOTTO,53,0
2021-07-17,2,14,18,25,30,50,LOTTO DP,53,0
2021-07-21,3,25,33,47,51,53,LOTTO,53,0
2021-07-21,2,15,18,22,36,49,LOTTO DP,53,0
2021-07-24,7,13,18,21,32,48,LOTTO,53,0
2021-07-24,18,26,31,38,43,53,LOTTO DP,53,0
2021-07-28,11,27,28,31,47,48,LOTTO,53,0
2021-07-28,3,8,31,32,47,52,LOTTO DP,53,0
2021-07-31,4,5,12,37,49,50,LOTTO,53,0
2021-07-31,18,23,34,38,46,47,LOTTO DP,53,0
2021-08-04,14,19,25,30,37,40,LOTTO,53,0
2021-08-04,3,5,11,27,36,44,LOTTO DP,53,0
2021-08-07,10,14,16,27,41,47,LOTTO,53,0
2021-08-07,20,25,33,36,51,52,LOTTO DP,53,0
2021-08-11,3,23,33,37,38,45,LOTTO,53,0
2021-08-11,10,14,16,34,38,47,LOTTO DP,53,0
2021-08-14,10,18,26,37,43,53,LOTTO,53,0
2021-08-14,14,22,24,30,35,39,LOTTO DP,53,0
2021-08-18,12,21,31,40,43,53,LOTTO,53,0
2021-08-18,1,3,4,7,15,35,LOTTO DP,53,0
2021-08-21,28,30,34,40,46,49,LOTTO,53,0
2021-08-21,1,5,13,16,49,53,LOTTO DP,53,0
2021-08-25,12,17,18,22,36,52,LOTTO,53,0
2021-08-25,15,16,25,42,47,53,LOTTO DP,53,0
2021-08-28,2,5,9,18,22,25,LOTTO,53,0
2021-08-28,4,11,21,23,27,38,LOTTO DP,53,0
2021-09-01,1,13,18,21,37,43,LOTTO,53,0
2021-09-01,1,9,12,13,24,27,LOTTO DP,53,0
2021-09-04,12,13,19,21,42,53,LOTTO,53,0
2021-09-04,2,11,28,37,42,51,LOTTO DP,53,0
2021-09-08,19,24,25,28,36,41,LOTTO,53,0
2021-09-08,22,31,35,36,46,48,LOTTO DP,53,0
2021-09-11,1,22,49,50,51,53,LOTTO,53,0
2021-09-11,9,20,24,25,33,34,LOTTO DP,53,0
2021-09-15,3,6,29,31,44,46,LOTTO,53,0
2021-09-15,10,15,25,38,40,42,LOTTO DP,53,0
2021-09-18,16,17,30,31,40,44,LOTTO,53,0
2021-09-18,3,7,11,19,25,30,LOTTO DP,53,0
2021-09-22,9,16,29,33,43,45,LOTTO,53,0
2021-09-22,8,16,22,25,35,45,LOTTO DP,53,0
2021-09-25,4,7,13,22,32,50,LOTTO,53,0
2021-09-25,7,12,15,28,38,53,LOTTO DP,53,0
2021-09-29,17,26,35,45,52,53,LOTTO,53,0
2021-09-29,4,9,15,26,36,45,LOTTO DP,53,0
2021-10-02,16,23,27,32,48,50,LOTTO,53,0
2021-10-02,1,13,39,40,44,48,LOTTO DP,53,0
2021-10-06,8,25,31,37,50,53,LOTTO,53,0
2021-10-06,2,8,29,31,36,43,LOTTO DP,53,0
2021-10-09,19,20,30,36,44,51,LOTTO,53,0
2021-10-09,12,23,26,27,46,49,LOTTO DP,53,0
2021-10-13,1,13,23,28,33,38,LOTTO,53,0
2021-10-13,10,18,27,43,47,49,LOTTO DP,53,0
2021-10-16,10,21,27,30,31,32,LOTTO,53,1
2021-10-16,5,22,38,39,47,52,LOTTO DP,53,1
2021-10-20,14,26,27,38,40,45,LOTTO,53,0
2021-10-20,6,12,26,28,33,45,LOTTO DP,53,0
2021-10-23,2,6,34,36,44,50,LOTTO,53,0
2021-10-23,7,10,15,42,44,49,LOTTO DP,53,0
2021-10-27,13,15,22,30,31,32,LOTTO,53,0
2021-10-27,1,3,4,15,17,48,LOTTO DP,53,0
2021-10-30,22,31,35,43,44,51,LOTTO,53,0
2021-10-30,1,5,18,20,40,49,LOTTO DP,53,0
2021-11-03,22,29,42,46,47,52,LOTTO,53,0
2021-11-03,1,11,29,35,36,46,LOTTO DP,53,0
2021-11-06,2,5,19,30,31,46,LOTTO,53,0
2021-11-06,6,10,16,40,46,48,LOTTO DP,53,0
2021-11-10,9,20,31,32,40,45,LOTTO,53,0
2021-11-10,8,12,14,39,43,48,LOTTO DP,53,0
2021-11-13,1,4,10,13,24,45,LOTTO,53,0
2021-11-13,16,21,23,27,46,50,LOTTO DP,53,0
2021-11-17,13,19,31,36,41,51,LOTTO,53,0
2021-11-17,7,20,27,29,38,52,LOTTO DP,53,0
2021-11-20,8,11,26,29,40,44,LOTTO,53,0
2021-11-20,1,8,13,21,32,34,LOTTO DP,53,0
2021-11-24,6,10,22,25,28,48,LOTTO,53,0
2021-11-24,7,8,16,21,30,32,LOTTO DP,53,0
2021-11-27,2,3,6,12,20,51,LOTTO,53,0
2021-11-27,7,8,27,28,47,51,LOTTO DP,53,0
2021-12-01,15,22,25,27,36,45,LOTTO,53,0
2021-12-01,11,21,25,32,43,50,LOTTO DP,53,0
2021-12-04,9,15,19,20,24,47,LOTTO,53,0
2021-12-04,10,12,24,27,37,48,LOTTO DP,53,0
2021-12-08,16,18,25,30,49,50,LOTTO,53,0
2021-12-08,16,21,28,33,37,43,LOTTO DP,53,0
2021-12-11,9,37,41,43,45,51,LOTTO,53,0
2021-12-11,29,33,34,38,44,51,LOTTO DP,53,0
2021-12-15,4,13,23,39,44,46,LOTTO,53,0
2021-12-15,19,21,23,29,43,46,LOTTO DP,53,0
2021-12-18,6,7,15,25,27,42,LOTTO,53,0
2021-12-18,13,23,32,34,46,47,LOTTO DP,53,0
2021-12-22,7,19,27,40,44,46,LOTTO,53,0
2021-12-22,1,25,34,42,44,48,LOTTO DP,53,0
2021-12-25,2,8,27,40,43,47,LOTTO,53,0
2021-12-25,6,13,19,46,50,53,LOTTO DP,53,0
2021-12-29,10,14,15,27,35,45,LOTTO,53,0
2021-12-29,5,27,35,38,48,49,LOTTO DP,53,0
2022-01-01,2,8,20,31,39,51,LOTTO,53,0
2022-01-01,3,4,6,17,30,53,LOTTO DP,53,0
2022-01-05,9,38,42,45,48,51,LOTTO,53,0
2022-01-05,6,18,25,32,46,50,LOTTO DP,53,0
2022-01-08,9,13,28,38,48,49,LOTTO,53,0
2022-01-08,5,9,11,20,22,43,LOTTO DP,53,0
2022-01-12,2,9,17,33,34,35,LOTTO,53,0
2022-01-12,1,5,17,23,40,46,LOTTO DP,53,0
2022-01-15,13,18,22,40,45,50,LOTTO,53,0
2022-01-15,5,11,16,22,26,48,LOTTO DP,53,0
2022-01-19,5,12,30,31,48,49,LOTTO,53,0
2022-01-19,6,9,17,33,35,36,LOTTO DP,53,0
2022-01-22,9,24,32,39,51,52,LOTTO,53,0
2022-01-22,15,33,40,41,43,53,LOTTO DP,53,0
2022-01-26,9,15,17,25,45,46,LOTTO,53,0
2022-01-26,2,9,30,38,41,51,LOTTO DP,53,0
2022-01-29,17,22,26,33,39,47,LOTTO,53,0
2022-01-29,16,28,31,32,34,47,LOTTO DP,53,0
2022-02-02,5,17,26,47,52,53,LOTTO,53,0
2022-02-02,26,33,37,38,39,41,LOTTO DP,53,0
2022-02-05,4,6,36,39,42,44,LOTTO,53,0
2022-02-05,2,6,21,40,51,52,LOTTO DP,53,0
2022-02-09,7,9,35,38,45,47,LOTTO,53,0
2022-02-09,1,3,5,9,25,26,LOTTO DP,53,0
2022-02-12,2,6,13,16,32,47,LOTTO,53,0
2022-02-12,8,11,30,39,42,53,LOTTO DP,53,0
2022-02-16,2,10,18,29,31,49,LOTTO,53,0
2022-02-16,7,18,22,30,41,49,LOTTO DP,53,0
2022-02-19,15,26,36,43,44,53,LOTTO,53,0
2022-02-19,18,21,29,31,37,40,LOTTO DP,53,0
2022-02-23,8,24,35,36,45,52,LOTTO,53,0
2022-02-23,2,8,9,11,39,53,LOTTO DP,53,0
2022-02-26,21,23,34,35,38,39,LOTTO,53,0
2022-02-26,7,9,25,31,36,49,LOTTO DP,53,0
2022-03-02,16,32,35,39,40,43,LOTTO,53,0
2022-03-02,3,20,33,37,42,49,LOTTO DP,53,0
2022-03-05,9,12,13,19,21,31,LOTTO,53,0
2022-03-05,4,8,33,39,41,53,LOTTO DP,53,0
2022-03-09,2,12,14,24,48,50,LOTTO,53,0
2022-03-09,1,8,20,23,36,53,LOTTO DP,53,0
2022-03-12,17,21,25,31,40,44,LOTTO,53,0
2022-03-12,3,10,11,20,25,48,LOTTO DP,53,0
2022-03-16,8,27,34,36,38,50,LOTTO,53,0
2022-03-16,14,29,39,40,51,53,LOTTO DP,53,0
2022-03-19,1,9,16,25,31,32,LOTTO,53,0
2022-03-19,6,8,35,38,49,52,LOTTO DP,53,0
2022-03-23,6,9,12,17,19,41,LOTTO,53,0
2022-03-23,11,15,24,32,36,39,LOTTO DP,53,0
2022-03-26,18,22,24,48,51,53,LOTTO,53,0
2022-03-26,1,11,16,21,45,47,LOTTO DP,53,0
2022-03-30,5,9,25,44,47,48,LOTTO,53,0
2022-03-30,12,30,34,41,42,52,LOTTO DP,53,0
2022-04-02,4,13,23,25,28,45,LOTTO,53,0
2022-04-02,10,14,18,25,40,45,LOTTO DP,53,0
2022-04-06,5,7,10,26,36,48,LOTTO,53,0
2022-04-06,13,18,20,22,36,44,LOTTO DP,53,0
2022-04-09,2,26,38,40,43,50,LOTTO,53,0
2022-04-09,2,17,39,42,44,46,LOTTO DP,53,0
2022-04-13,21,30,38,43,48,49,LOTTO,53,1
2022-04-13,9,21,23,26,29,37,LOTTO DP,53,1
2022-04-16,27,37,39,40,44,47,LOTTO,53,0
2022-04-16,1,9,23,28,39,50,LOTTO DP,53,0
2022-04-20,3,13,32,33,38,50,LOTTO,53,0
2022-04-20,8,12,16,20,46,50,LOTTO DP,53,0
2022-04-23,2,13,27,30,39,42,LOTTO,53,0
2022-04-23,4,6,14,19,33,41,LOTTO DP,53,0
2022-04-27,6,27,38,48,49,52,LOTTO,53,0
2022-04-27,1,7,20,33,42,48,LOTTO DP,53,0
2022-04-30,4,5,10,38,39,46,LOTTO,53,0
2022-04-30,2,24,26,36,39,48,LOTTO DP,53,0
2022-05-04,7,9,11,37,41,48,LOTTO,53,0
2022-05-04,2,22,27,40,42,51,LOTTO DP,53,0
2022-05-07,22,30,33,37,44,53,LOTTO,53,0
2022-05-07,1,25,27,35,52,53,LOTTO DP,53,0
2022-05-11,3,5,6,7,8,10,LOTTO,53,0
2022-05-11,16,22,33,40,44,52,LOTTO DP,53,0
2022-05-14,5,6,11,17,24,33,LOTTO,53,0
2022-05-14,13,19,28,31,39,50,LOTTO DP,53,0
2022-05-18,5,13,26,29,34,45,LOTTO,53,0
2022-05-18,7,17,34,40,41,52,LOTTO DP,53,0
2022-05-21,23,27,31,35,47,49,LOTTO,53,0
2022-05-21,3,11,23,29,52,53,LOTTO DP,53,0
2022-05-25,4,13,29,32,46,53,LOTTO,53,0
2022-05-25,7,8,12,17,23,44,LOTTO DP,53,0
2022-05-28,2,7,14,16,28,30,LOTTO,53,0
2022-05-28,9,17,19,20,26,47,LOTTO DP,53,0
2022-06-01,11,15,33,38,42,51,LOTTO,53,0
2022-06-01,10,29,40,41,47,51,LOTTO DP,53,0
2022-06-04,1,2,8,13,19,50,LOTTO,53,0
2022-06-04,11,21,29,41,48,51,LOTTO DP,53,0
2022-06-08,2,8,9,15,43,50,LOTTO,53,0
2022-06-08,10,19,23,46,47,50,LOTTO DP,53,0
2022-06-11,1,9,38,45,51,52,LOTTO,53,0
2022-06-11,13,23,32,36,44,45,LOTTO DP,53,0
2022-06-15,10,14,15,23,41,48,LOTTO,53,0
2022-06-15,11,20,24,27,48,50,LOTTO DP,53,0
2022-06-18,9,37,42,44,45,50,LOTTO,53,0
2022-06-18,4,12,20,29,32,53,LOTTO DP,53,0
2022-06-22,19,20,24,32,51,52,LOTTO,53,0
2022-06-22,11,12,17,39,51,52,LOTTO DP,53,0
2022-06-25,2,3,7,22,36,43,LOTTO,53,0
2022-06-25,1,16,22,28,43,49,LOTTO DP,53,0
2022-06-29,5,8,23,31,40,52,LOTTO,53,0
2022-06-29,1,6,9,26,43,45,LOTTO DP,53,0
2022-07-02,3,5,9,20,34,47,LOTTO,53,0
2022-07-02,24,31,37,40,48,52,LOTTO DP,53,0
2022-07-06,7,18,20,40,43,45,LOTTO,53,0
2022-07-06,19,34,39,44,48,51,LOTTO DP,53,0
2022-07-09,2,9,33,37,40,47,LOTTO,53,0
2022-07-09,1,3,5,27,34,52,LOTTO DP,53,0
2022-07-13,13,21,24,31,32,33,LOTTO,53,0
2022-07-13,3,8,10,22,43,53,LOTTO DP,53,0
2022-07-16,2,4,13,23,39,40,LOTTO,53,0
2022-07-16,2,4,28,36,46,48,LOTTO DP,53,0
2022-07-20,27,32,36,38,40,48,LOTTO,53,0
2022-07-20,3,22,29,36,39,41,LOTTO DP,53,0
2022-07-23,7,11,20,32,42,51,LOTTO,53,0
2022-07-23,7,11,34,39,40,47,LOTTO DP,53,0
2022-07-27,20,23,25,26,36,50,LOTTO,53,0
2022-07-27,12,17,20,31,32,48,LOTTO DP,53,0
2022-07-30,6,7,9,25,45,50,LOTTO,53,0
2022-07-30,6,16,24,31,45,51,LOTTO DP,53,0
2022-08-03,3,9,18,19,25,40,LOTTO,53,0
2022-08-03,6,12,21,30,35,50,LOTTO DP,53,0
2022-08-06,4,10,12,26,34,51,LOTTO,53,0
2022-08-06,7,25,32,33,44,47,LOTTO DP,53,0
2022-08-10,6,11,40,42,47,50,LOTTO,53,0
2022-08-10,3,7,32,44,45,47,LOTTO DP,53,0
2022-08-13,6,15,17,20,47,49,LOTTO,53,0
2022-08-13,3,11,25,45,51,52,LOTTO DP,53,0
2022-08-17,5,11,20,24,29,35,LOTTO,53,0
2022-08-17,11,12,15,16,37,43,LOTTO DP,53,0
2022-08-20,17,28,29,38,49,50,LOTTO,53,0
2022-08-20,9,31,43,45,50,53,LOTTO DP,53,0
2022-08-24,5,7,16,21,30,35,LOTTO,53,0
2022-08-24,22,29,38,39,43,53,LOTTO DP,53,0
2022-08-27,6,18,28,30,41,44,LOTTO,53,0
2022-08-27,1,18,29,38,43,44,LOTTO DP,53,0
2022-08-31,8,13,30,32,36,49,LOTTO,53,0
2022-08-31,9,10,13,18,27,53,LOTTO DP,53,0
2022-09-03,7,16,23,33,50,51,LOTTO,53,0
2022-09-03,10,11,16,23,49,50,LOTTO DP,53,0
2022-09-07,1,6,31,35,37,49,LOTTO,53,0
2022-09-07,3,8,15,17,21,44,LOTTO DP,53,0
2022-09-10,1,4,12,19,43,44,LOTTO,53,0
2022-09-10,17,21,24,29,48,52,LOTTO DP,53,0
2022-09-14,21,25,28,39,41,45,LOTTO,53,0
2022-09-14,9,33,38,41,42,49,LOTTO DP,53,0
2022-09-17,3,13,19,39,48,52,LOTTO,53,0
2022-09-17,13,23,29,39,42,46,LOTTO DP,53,0
2022-09-21,7,10,15,19,20,49,LOTTO,53,0
2022-09-21,1,14,16,17,25,49,LOTTO DP,53,0
2022-09-24,7,36,43,44,49,50,LOTTO,53,0
2022-09-24,5,16,19,21,36,40,LOTTO DP,53,0
2022-09-28,15,19,36,44,46,50,LOTTO,53,0
2022-09-28,22,24,38,42,44,53,LOTTO DP,53,0
2022-10-01,20,29,37,38,43,45,LOTTO,53,0
2022-10-01,4,15,19,28,44,51,LOTTO DP,53,0
2022-10-05,10,15,24,25,32,49,LOTTO,53,0
2022-10-05,6,33,47,49,50,53,LOTTO DP,53,0
2022-10-08,3,13,15,25,26,36,LOTTO,53,1
2022-10-08,15,21,31,32,47,50,LOTTO DP,53,1
2022-10-12,8,13,31,35,43,51,LOTTO,53,0
2022-10-12,4,9,32,33,44,45,LOTTO DP,53,0
2022-10-15,2,5,10,44,49,50,LOTTO,53,0
2022-10-15,9,15,21,25,28,45,LOTTO DP,53,0
2022-10-19,11,23,27,29,31,33,LOTTO,53,0
2022-10-19,6,18,21,28,33,45,LOTTO DP,53,0
2022-10-22,3,30,32,36,51,53,LOTTO,53,0
2022-10-22,2,22,31,38,43,49,LOTTO DP,53,0
2022-10-26,11,18,20,30,42,53,LOTTO,53,0
2022-10-26,1,16,27,33,41,42,LOTTO DP,53,0
2022-10-29,10,15,24,37,39,41,LOTTO,53,0
2022-10-29,3,12,17,27,28,37,LOTTO DP,53,0
2022-11-02,9,11,16,20,33,37,LOTTO,53,0
2022-11-02,8,9,24,25,37,41,LOTTO DP,53,0
2022-11-05,5,28,31,38,44,53,LOTTO,53,0
2022-11-05,1,4,10,15,26,48,LOTTO DP,53,0
2022-11-09,5,7,14,25,43,51,LOTTO,53,0
2022-11-09,13,14,16,40,43,53,LOTTO DP,53,0
2022-11-12,1,5,8,17,23,32,LOTTO,53,0
2022-11-12,7,8,24,29,41,53,LOTTO DP,53,0
2022-11-16,10,11,12,40,47,50,LOTTO,53,0
2022-11-16,2,10,22,25,51,53,LOTTO DP,53,0
2022-11-19,1,7,8,22,45,49,LOTTO,53,0
2022-11-19,14,20,30,42,46,47,LOTTO DP,53,0
2022-11-23,18,19,28,29,32,51,LOTTO,53,0
2022-11-23,17,22,33,38,44,49,LOTTO DP,53,0
2022-11-26,5,8,23,29,31,42,LOTTO,53,0
2022-11-26,6,11,23,39,40,48,LOTTO DP,53,0
2022-11-30,13,15,29,30,33,48,LOTTO,53,0
2022-11-30,12,17,19,38,42,53,LOTTO DP,53,0
2022-12-03,6,10,13,24,27,50,LOTTO,53,0
2022-12-03,14,18,29,35,42,50,LOTTO DP,53,0
2022-12-07,11,14,17,26,48,53,LOTTO,53,0
2022-12-07,9,20,25,44,45,53,LOTTO DP,53,0
2022-12-10,12,15,18,21,22,46,LOTTO,53,0
2022-12-10,1,10,13,27,28,39,LOTTO DP,53,0
2022-12-14,6,10,22,30,37,43,LOTTO,53,0
2022-12-14,9,11,28,45,48,51,LOTTO DP,53,0
2022-12-17,4,6,8,17,18,50,LOTTO,53,0
2022-12-17,1,20,27,33,47,53,LOTTO DP,53,0
2022-12-21,15,17,34,35,43,48,LOTTO,53,0
2022-12-21,2,4,9,12,26,40,LOTTO DP,53,0
2022-12-24,5,13,17,20,27,53,LOTTO,53,0
2022-12-24,8,22,27,41,43,49,LOTTO DP,53,0
2022-12-28,21,28,31,36,37,50,LOTTO,53,0
2022-12-28,1,28,30,36,46,50,LOTTO DP,53,0
2022-12-31,4,15,17,21,24,49,LOTTO,53,0
2022-12-31,2,3,4,36,40,49,LOTTO DP,53,0
2023-01-04,3,9,13,15,30,42,LOTTO,53,0
2023-01-04,8,19,23,25,28,32,LOTTO DP,53,0
2023-01-07,4,5,9,19,24,52,LOTTO,53,0
2023-01-07,12,29,34,36,41,47,LOTTO DP,53,0
2023-01-11,7,14,16,17,31,35,LOTTO,53,0
2023-01-11,9,10,15,44,48,52,LOTTO DP,53,0
2023-01-14,5,15,27,29,41,43,LOTTO,53,0
2023-01-14,3,24,26,27,30,38,LOTTO DP,53,0
2023-01-18,9,11,15,16,24,30,LOTTO,53,0
2023-01-18,3,4,10,17,18,20,LOTTO DP,53,0
2023-01-21,12,13,17,25,42,46,LOTTO,53,0
2023-01-21,9,20,24,31,32,49,LOTTO DP,53,0
2023-01-25,4,7,10,34,36,44,LOTTO,53,0
2023-01-25,12,23,38,45,49,50,LOTTO DP,53,0
2023-01-28,7,9,18,20,28,36,LOTTO,53,0
2023-01-28,4,7,29,32,35,44,LOTTO DP,53,0
2023-02-01,2,4,13,23,28,32,LOTTO,53,0
2023-02-01,3,19,24,26,35,39,LOTTO DP,53,0
2023-02-04,1,8,18,27,34,45,LOTTO,53,0
2023-02-04,3,5,17,28,37,50,LOTTO DP,53,0
2023-02-08,1,19,24,25,29,46,LOTTO,53,0
2023-02-08,9,11,27,29,39,45,LOTTO DP,53,0
2023-02-11,5,17,34,45,49,52,LOTTO,53,0
2023-02-11,2,6,16,21,27,51,LOTTO DP,53,0
2023-02-15,1,8,29,41,42,48,LOTTO,53,0
2023-02-15,1,3,16,17,28,33,LOTTO DP,53,0
2023-02-18,23,36,38,43,46,53,LOTTO,53,0
2023-02-18,4,10,19,20,38,47,LOTTO DP,53,0
2023-02-22,17,20,22,40,43,51,LOTTO,53,0
2023-02-22,13,22,29,30,36,53,LOTTO DP,53,0
2023-02-25,1,9,10,16,26,28,LOTTO,53,0
2023-02-25,10,11,13,23,36,46,LOTTO DP,53,0
2023-03-01,1,23,29,37,39,45,LOTTO,53,0
2023-03-01,20,24,42,46,50,53,LOTTO DP,53,0
2023-03-04,15,18,20,35,47,51,LOTTO,53,0
2023-03-04,17,21,26,34,36,46,LOTTO DP,53,0
2023-03-08,8,26,29,37,49,50,LOTTO,53,0
2023-03-08,3,13,36,38,44,45,LOTTO DP,53,0
2023-03-11,10,30,31,34,36,49,LOTTO,53,0
2023-03-11,7,11,15,16,19,21,LOTTO DP,53,0
2023-03-15,1,19,25,32,38,47,LOTTO,53,0
2023-03-15,2,7,19,24,25,45,LOTTO DP,53,0
2023-03-18,14,21,26,38,45,49,LOTTO,53,0
2023-03-18,9,20,23,28,47,49,LOTTO DP,53,0
2023-03-22,17,31,41,42,45,49,LOTTO,53,0
2023-03-22,4,8,18,27,39,48,LOTTO DP,53,0
2023-03-25,9,11,16,23,24,34,LOTTO,53,0
2023-03-25,4,13,14,32,42,51,LOTTO DP,53,0
2023-03-29,10,19,20,22,39,51,LOTTO,53,0
2023-03-29,7,13,22,34,38,48,LOTTO DP,53,0
2023-04-01,6,32,36,37,39,47,LOTTO,53,0
2023-04-01,1,4,22,28,30,49,LOTTO DP,53,0
2023-04-05,4,5,21,39,43,48,LOTTO,53,1
2023-04-05,15,28,31,33,35,47,LOTTO DP,53,1
2023-04-08,1,3,9,34,35,42,LOTTO,53,0
2023-04-08,14,16,19,35,44,52,LOTTO DP,53,0
2023-04-12,6,9,10,22,26,43,LOTTO,53,0
2023-04-12,4,9,16,29,32,49,LOTTO DP,53,0
2023-04-15,1,2,28,29,38,44,LOTTO,53,0
2023-04-15,3,11,21,24,34,53,LOTTO DP,53,0
2023-04-19,13,35,42,43,49,53,LOTTO,53,0
2023-04-19,3,4,9,18,40,52,LOTTO DP,53,0
2023-04-22,7,9,19,21,35,40,LOTTO,53,0
2023-04-22,19,21,22,25,27,46,LOTTO DP,53,0
2023-04-26,4,7,8,18,38,52,LOTTO,53,0
2023-04-26,1,17,19,28,33,52,LOTTO DP,53,0
2023-04-29,14,18,21,33,35,48,LOTTO,53,0
2023-04-29,20,31,39,41,44,51,LOTTO DP,53,0
2023-05-03,2,12,17,28,47,48,LOTTO,53,0
2023-05-03,3,5,27,36,45,52,LOTTO DP,53,0
2023-05-06,5,9,13,29,38,41,LOTTO,53,0
2023-05-06,10,15,26,34,40,43,LOTTO DP,53,0
2023-05-10,8,11,19,39,43,45,LOTTO,53,0
2023-05-10,1,17,25,29,31,45,LOTTO DP,53,0
2023-05-13,7,9,12,13,16,46,LOTTO,53,0
2023-05-13,12,17,22,23,34,40,LOTTO DP,53,0
2023-05-17,1,9,10,11,13,38,LOTTO,53,0
2023-05-17,15,17,22,34,44,49,LOTTO DP,53,0
2023-05-20,4,17,33,48,51,52,LOTTO,53,0
2023-05-20,6,33,38,43,47,51,LOTTO DP,53,0
2023-05-24,5,19,24,27,34,35,LOTTO,53,0
2023-05-24,8,15,30,34,43,49,LOTTO DP,53,0
2023-05-27,6,17,27,29,46,52,LOTTO,53,0
2023-05-27,8,20,32,35,41,46,LOTTO DP,53,0
2023-05-31,7,12,17,27,29,53,LOTTO,53,0
2023-05-31,1,12,25,34,44,52,LOTTO DP,53,0
2023-06-03,2,9,16,17,35,50,LOTTO,53,0
2023-06-03,6,10,14,21,23,41,LOTTO DP,53,0
2023-06-07,8,11,19,31,44,47,LOTTO,53,0
2023-06-07,1,12,18,43,49,52,LOTTO DP,53,0
2023-06-10,5,6,11,25,28,38,LOTTO,53,0
2023-06-10,5,9,11,19,38,50,LOTTO DP,53,0
2023-06-14,9,13,15,46,51,52,LOTTO,53,0
2023-06-14,3,15,25,39,47,51,LOTTO DP,53,0
2023-06-17,5,16,27,38,39,49,LOTTO,53,0
2023-06-17,4,29,36,46,51,52,LOTTO DP,53,0
2023-06-21,12,23,24,31,34,49,LOTTO,53,0
2023-06-21,4,21,27,30,32,47,LOTTO DP,53,0
2023-06-24,4,7,13,15,35,49,LOTTO,53,0
2023-06-24,10,18,23,40,42,51,LOTTO DP,53,0
2023-06-28,9,12,13,16,23,36,LOTTO,53,0
2023-06-28,3,9,14,34,37,49,LOTTO DP,53,0
2023-07-01,9,17,25,29,35,49,LOTTO,53,0
2023-07-01,7,13,23,32,48,50,LOTTO DP,53,0
2023-07-05,7,16,19,33,39,43,LOTTO,53,0
2023-07-05,5,27,30,38,45,52,LOTTO DP,53,0
2023-07-08,1,2,6,10,36,48,LOTTO,53,0
2023-07-08,17,34,40,41,46,50,LOTTO DP,53,0
2023-07-12,23,24,31,46,47,52,LOTTO,53,0
2023-07-12,7,15,18,29,30,31,LOTTO DP,53,0
2023-07-15,1,4,7,10,13,43,LOTTO,53,0
2023-07-15,8,11,32,43,44,52,LOTTO DP,53,0
2023-07-19,2,8,9,32,41,45,LOTTO,53,0
2023-07-19,1,13,27,28,42,52,LOTTO DP,53,0
2023-07-22,1,7,11,37,48,53,LOTTO,53,0
2023-07-22,6,11,40,43,44,52,LOTTO DP,53,0
2023-07-26,2,5,6,28,32,49,LOTTO,53,0
2023-07-26,5,11,23,30,33,53,LOTTO DP,53,0
2023-07-29,8,19,22,26,32,39,LOTTO,53,0
2023-07-29,1,17,18,35,50,52,LOTTO DP,53,0
2023-08-02,26,27,44,46,47,50,LOTTO,53,0
2023-08-02,10,14,18,27,41,43,LOTTO DP,53,0
2023-08-05,8,9,22,25,37,44,LOTTO,53,0
2023-08-05,13,17,24,29,32,48,LOTTO DP,53,0
2023-08-09,6,8,13,20,33,42,LOTTO,53,0
2023-08-09,6,15,45,46,49,51,LOTTO DP,53,0
2023-08-12,5,12,13,23,41,51,LOTTO,53,0
2023-08-12,13,14,16,33,44,49,LOTTO DP,53,0
2023-08-16,12,15,23,27,39,41,LOTTO,53,0
2023-08-16,1,13,15,20,23,43,LOTTO DP,53,0
2023-08-19,7,14,31,46,51,52,LOTTO,53,0
2023-08-19,16,20,30,33,42,48,LOTTO DP,53,0
2023-08-23,5,10,21,27,39,50,LOTTO,53,0
2023-08-23,1,9,12,27,33,36,LOTTO DP,53,0
2023-08-26,1,3,4,26,29,40,LOTTO,53,0
2023-08-26,4,16,39,41,46,51,LOTTO DP,53,0
2023-08-30,8,11,19,23,25,32,LOTTO,53,0
2023-08-30,8,31,37,46,49,51,LOTTO DP,53,0
2023-09-02,8,14,38,44,45,51,LOTTO,53,0
2023-09-02,3,5,6,14,24,43,LOTTO DP,53,0
2023-09-06,1,22,29,37,51,52,LOTTO,53,0
2023-09-06,17,33,38,44,46,48,LOTTO DP,53,0
2023-09-09,18,34,39,42,48,53,LOTTO,53,0
2023-09-09,1,15,18,24,36,53,LOTTO DP,53,0
2023-09-13,1,3,6,10,18,23,LOTTO,53,0
2023-09-13,2,3,5,14,24,26,LOTTO DP,53,0
2023-09-16,14,15,25,36,45,49,LOTTO,53,0
2023-09-16,2,21,31,33,38,45,LOTTO DP,53,0
2023-09-20,4,20,21,35,42,45,LOTTO,53,0
2023-09-20,3,10,35,37,46,52,LOTTO DP,53,0
2023-09-23,13,26,28,32,33,41,LOTTO,53,0
2023-09-23,1,7,12,15,44,50,LOTTO DP,53,0
2023-09-27,5,13,29,35,42,45,LOTTO,53,0
2023-09-27,1,2,5,8,16,53,LOTTO DP,53,0
2023-09-30,7,9,12,15,24,46,LOTTO,53,1
2023-09-30,1,12,29,41,47,52,LOTTO DP,53,1
2023-10-04,5,9,14,32,41,53,LOTTO,53,0
2023-10-04,1,22,30,43,49,50,LOTTO DP,53,0
2023-10-07,6,12,18,37,39,48,LOTTO,53,0
2023-10-07,2,3,11,18,40,52,LOTTO DP,53,0
2023-10-11,5,9,15,26,46,53,LOTTO,53,0
2023-10-11,4,12,13,20,41,47,LOTTO DP,53,0
2023-10-14,11,30,31,33,45,52,LOTTO,53,0
2023-10-14,8,13,25,34,43,49,LOTTO DP,53,0
2023-10-18,4,8,13,20,22,27,LOTTO,53,0
2023-10-18,7,13,16,50,51,53,LOTTO DP,53,0
2023-10-21,3,8,10,26,36,48,LOTTO,53,0
2023-10-21,2,8,22,26,29,33,LOTTO DP,53,0
2023-10-25,6,10,29,32,41,50,LOTTO,53,0
2023-10-25,1,4,15,17,18,25,LOTTO DP,53,0
2023-10-28,15,23,31,32,37,51,LOTTO,53,0
2023-10-28,1,3,12,23,28,41,LOTTO DP,53,0
2023-11-01,2,15,27,33,34,53,LOTTO,53,0
2023-11-01,10,11,22,24,26,49,LOTTO DP,53,0
2023-11-04,7,15,22,24,44,47,LOTTO,53,0
2023-11-04,1,10,11,24,40,47,LOTTO DP,53,0
2023-11-08,3,17,18,26,39,53,LOTTO,53,0
2023-11-08,8,26,31,34,40,43,LOTTO DP,53,0
2023-11-11,8,16,22,27,43,53,LOTTO,53,0
2023-11-11,6,21,27,28,31,42,LOTTO DP,53,0
2023-11-15,35,39,41,42,44,49,LOTTO,53,0
2023-11-15,10,15,21,25,46,47,LOTTO DP,53,0
2023-11-18,5,21,31,32,34,48,LOTTO,53,0
2023-11-18,5,7,15,25,34,49,LOTTO DP,53,0
2023-11-22,3,4,6,30,36,52,LOTTO,53,0
2023-11-22,1,11,18,21,38,43,LOTTO DP,53,0
2023-11-25,4,12,24,27,30,32,LOTTO,53,0
2023-11-25,11,24,27,28,34,41,LOTTO DP,53,0
2023-11-29,13,17,24,40,46,48,LOTTO,53,0
2023-11-29,4,9,21,22,29,38,LOTTO DP,53,0
2023-12-02,1,20,41,42,45,49,LOTTO,53,0
2023-12-02,23,25,28,45,46,53,LOTTO DP,53,0
2023-12-06,2,23,30,44,45,48,LOTTO,53,0
2023-12-06,5,12,38,39,40,42,LOTTO DP,53,0
2023-12-09,2,27,30,32,45,48,LOTTO,53,0
2023-12-09,2,10,14,30,48,49,LOTTO DP,53,0
2023-12-13,2,7,26,40,47,51,LOTTO,53,0
2023-12-13,6,12,14,18,32,35,LOTTO DP,53,0
2023-12-16,4,10,16,27,41,52,LOTTO,53,0
2023-12-16,4,9,27,41,47,49,LOTTO DP,53,0
2023-12-20,3,26,33,44,46,51,LOTTO,53,0
2023-12-20,13,16,29,39,45,49,LOTTO DP,53,0
2023-12-23,1,14,20,33,34,38,LOTTO,53,0
2023-12-23,4,10,16,20,33,35,LOTTO DP,53,0
2023-12-27,2,8,19,21,27,46,LOTTO,53,0
2023-12-27,12,25,26,30,37,45,LOTTO DP,53,0
2023-12-30,2,4,14,15,34,52,LOTTO,53,0
2023-12-30,1,6,9,12,25,37,LOTTO DP,53,0
2024-01-03,5,9,34,40,42,43,LOTTO,53,0
2024-01-03,5,6,11,30,44,51,LOTTO DP,53,0
2024-01-06,3,8,25,31,34,40,LOTTO,53,0
2024-01-06,2,10,16,32,40,47,LOTTO DP,53,0
2024-01-10,6,30,33,34,40,46,LOTTO,53,0
2024-01-10,5,15,19,35,36,42,LOTTO DP,53,0
2024-01-13,5,19,21,23,24,48,LOTTO,53,0
2024-01-13,5,16,21,46,47,49,LOTTO DP,53,0
2024-01-17,6,36,37,42,45,52,LOTTO,53,0
2024-01-17,14,20,23,31,35,44,LOTTO DP,53,0
2024-01-20,11,19,32,44,49,51,LOTTO,53,0
2024-01-20,1,23,31,40,43,52,LOTTO DP,53,0
2024-01-24,10,14,22,36,37,39,LOTTO,53,0
2024-01-24,12,14,18,19,30,35,LOTTO DP,53,0
2024-01-27,3,23,33,37,45,50,LOTTO,53,0
2024-01-27,6,13,19,20,21,48,LOTTO DP,53,0
2024-01-31,1,7,25,45,46,50,LOTTO,53,0
2024-01-31,4,16,18,28,35,48,LOTTO DP,53,0
2024-02-03,5,7,12,22,25,39,LOTTO,53,0
2024-02-03,2,3,6,24,28,40,LOTTO DP,53,0
2024-02-07,7,12,15,18,25,53,LOTTO,53,0
2024-02-07,8,18,19,31,34,51,LOTTO DP,53,0
2024-02-10,14,18,23,39,41,53,LOTTO,53,0
2024-02-10,5,13,26,36,38,45,LOTTO DP,53,0
2024-02-14,18,24,26,28,30,32,LOTTO,53,0
2024-02-14,25,28,39,43,46,51,LOTTO DP,53,0
2024-02-17,14,16,20,22,43,51,LOTTO,53,0
2024-02-17,7,10,13,20,36,39,LOTTO DP,53,0
2024-02-21,2,7,15,25,35,36,LOTTO,53,0
2024-02-21,5,7,8,17,19,47,LOTTO DP,53,0
2024-02-24,8,9,29,36,49,51,LOTTO,53,0
2024-02-24,15,18,21,28,30,42,LOTTO DP,53,0
2024-02-28,4,8,32,35,37,45,LOTTO,53,0
2024-02-28,5,11,17,18,42,43,LOTTO DP,53,0
2024-03-02,9,10,19,45,47,49,LOTTO,53,0
2024-03-02,2,7,10,20,44,51,LOTTO DP,53,0
2024-03-06,23,35,38,40,43,50,LOTTO,53,0
2024-03-06,2,3,24,27,41,51,LOTTO DP,53,0
2024-03-09,1,8,11,21,36,38,LOTTO,53,0
2024-03-09,3,9,24,26,30,36,LOTTO DP,53,0
2024-03-13,1,20,30,47,48,52,LOTTO,53,0
2024-03-13,7,9,15,29,46,47,LOTTO DP,53,0
2024-03-16,8,17,33,45,49,53,LOTTO,53,0
2024-03-16,3,6,33,37,40,50,LOTTO DP,53,0
2024-03-20,2,10,13,16,32,41,LOTTO,53,0
2024-03-20,4,9,12,19,41,49,LOTTO DP,53,0
2024-03-23,4,18,24,34,36,52,LOTTO,53,0
2024-03-23,21,34,43,46,50,52,LOTTO DP,53,0
2024-03-27,16,34,42,43,44,52,LOTTO,53,1
2024-03-27,3,7,12,21,44,51,LOTTO DP,53,1
2024-03-30,20,26,30,42,45,46,LOTTO,53,0
2024-03-30,8,9,22,26,38,46,LOTTO DP,53,0
2024-04-03,20,21,25,30,34,37,LOTTO,53,0
2024-04-03,16,25,42,44,50,52,LOTTO DP,53,0
2024-04-06,4,14,18,20,23,48,LOTTO,53,0
2024-04-06,7,8,11,12,13,46,LOTTO DP,53,0
2024-04-10,7,8,16,17,25,33,LOTTO,53,0
2024-04-10,1,8,15,16,21,39,LOTTO DP,53,0
2024-04-13,1,14,36,38,42,43,LOTTO,53,0
2024-04-13,4,11,13,16,30,45,LOTTO DP,53,0
2024-04-17,3,19,20,41,47,50,LOTTO,53,0
2024-04-17,15,20,22,39,40,53,LOTTO DP,53,0
2024-04-20,12,29,30,34,37,39,LOTTO,53,0
2024-04-20,8,20,42,47,50,51,LOTTO DP,53,0
2024-04-24,20,31,35,38,39,43,LOTTO,53,0
2024-04-24,14,22,24,32,41,44,LOTTO DP,53,0
2024-04-27,14,19,29,31,42,53,LOTTO,53,0
2024-04-27,9,10,26,29,48,49,LOTTO DP,53,0
2024-05-01,11,17,20,24,51,52,LOTTO,53,0
2024-05-01,13,15,21,33,47,50,LOTTO DP,53,0
2024-05-04,10,16,25,37,47,50,LOTTO,53,0
2024-05-04,7,14,16,18,20,42,LOTTO DP,53,0
2024-05-08,3,11,17,26,50,53,LOTTO,53,0
2024-05-08,6,27,28,39,49,50,LOTTO DP,53,0
2024-05-11,2,11,15,16,18,26,LOTTO,53,0
2024-05-11,7,11,23,24,32,37,LOTTO DP,53,0
2024-05-15,4,8,17,24,40,44,LOTTO,53,0
2024-05-15,2,8,13,23,25,31,LOTTO DP,53,0
2024-05-18,7,16,18,20,26,41,LOTTO,53,0
2024-05-18,17,26,28,29,34,39,LOTTO DP,53,0
2024-05-22,27,38,46,49,50,51,LOTTO,53,0
2024-05-22,22,25,32,44,49,52,LOTTO DP,53,0
2024-05-25,3,17,25,31,33,50,LOTTO,53,0
2024-05-25,15,22,35,37,42,49,LOTTO DP,53,0
2024-05-29,7,30,31,42,49,53,LOTTO,53,0
2024-05-29,4,6,10,19,26,39,LOTTO DP,53,0
2024-06-01,4,19,38,43,47,50,LOTTO,53,0
2024-06-01,15,17,21,25,42,44,LOTTO DP,53,0
2024-06-05,8,9,20,23,42,44,LOTTO,53,0
2024-06-05,9,10,23,30,39,43,LOTTO DP,53,0
2024-06-08,5,12,16,33,34,38,LOTTO,53,0
2024-06-08,1,10,31,44,47,50,LOTTO DP,53,0
2024-06-12,12,14,15,23,25,41,LOTTO,53,0
2024-06-12,13,14,29,30,43,52,LOTTO DP,53,0
2024-06-15,12,15,16,23,36,43,LOTTO,53,0
2024-06-15,1,20,35,37,43,45,LOTTO DP,53,0
2024-06-19,4,22,30,41,43,52,LOTTO,53,0
2024-06-19,3,6,21,23,36,52,LOTTO DP,53,0
2024-06-22,8,17,20,25,37,50,LOTTO,53,0
2024-06-22,2,4,8,17,21,29,LOTTO DP,53,0
2024-06-26,6,19,30,35,41,49,LOTTO,53,0
2024-06-26,4,7,9,31,42,52,LOTTO DP,53,0
2024-06-29,11,12,17,20,31,43,LOTTO,53,0
2024-06-29,1,3,6,9,45,49,LOTTO DP,53,0
2024-07-03,11,15,17,27,43,51,LOTTO,53,0
2024-07-03,4,5,18,24,28,44,LOTTO DP,53,0
2024-07-06,1,2,19,36,40,52,LOTTO,53,0
2024-07-06,5,9,12,15,25,32,LOTTO DP,53,0
2024-07-10,24,29,36,37,39,47,LOTTO,53,0
2024-07-10,5,23,27,32,49,53,LOTTO DP,53,0
2024-07-13,6,16,17,26,27,51,LOTTO,53,0
2024-07-13,1,22,27,28,47,48,LOTTO DP,53,0
2024-07-17,8,9,25,30,46,48,LOTTO,53,0
2024-07-17,10,28,30,33,38,49,LOTTO DP,53,0
2024-07-20,1,14,25,31,34,37,LOTTO,53,0
2024-07-20,9,25,30,41,43,52,LOTTO DP,53,0
2024-07-24,5,12,34,35,36,51,LOTTO,53,0
2024-07-24,7,10,21,27,42,48,LOTTO DP,53,0
2024-07-27,24,26,35,39,43,51,LOTTO,53,0
2024-07-27,5,10,12,25,47,53,LOTTO DP,53,0
2024-07-31,16,19,26,29,45,46,LOTTO,53,0
2024-07-31,1,2,17,38,39,43,LOTTO DP,53,0
2024-08-03,1,10,31,39,50,53,LOTTO,53,0
2024-08-03,4,13,34,35,42,50,LOTTO DP,53,0
2024-08-07,10,11,14,17,39,49,LOTTO,53,0
2024-08-07,1,3,20,27,44,46,LOTTO DP,53,0
2024-08-10,7,11,16,20,39,48,LOTTO,53,0
2024-08-10,6,14,25,26,31,44,LOTTO DP,53,0
2024-08-14,8,16,24,27,48,49,LOTTO,53,0
2024-08-14,21,30,34,37,45,47,LOTTO DP,53,0
2024-08-17,2,5,6,28,40,52,LOTTO,53,0
2024-08-17,7,28,30,40,46,51,LOTTO DP,53,0
2024-08-21,10,33,39,46,48,49,LOTTO,53,0
2024-08-21,3,12,13,25,44,49,LOTTO DP,53,0
2024-08-24,5,19,34,37,41,42,LOTTO,53,0
2024-08-24,21,29,32,39,47,52,LOTTO DP,53,0
2024-08-28,28,32,33,37,39,44,LOTTO,53,0
2024-08-28,6,13,23,27,36,45,LOTTO DP,53,0
2024-08-31,10,24,29,36,40,44,LOTTO,53,0
2024-08-31,2,6,25,35,37,41,LOTTO DP,53,0
2024-09-04,2,5,34,36,50,52,LOTTO,53,0
2024-09-04,9,16,18,27,39,41,LOTTO DP,53,0
2024-09-07,7,21,39,40,47,52,LOTTO,53,0
2024-09-07,10,15,23,26,27,35,LOTTO DP,53,0
2024-09-11,24,25,44,48,51,52,LOTTO,53,0
2024-09-11,2,10,20,23,37,52,LOTTO DP,53,0
2024-09-14,7,14,34,45,47,50,LOTTO,53,0
2024-09-14,4,5,17,32,38,45,LOTTO DP,53,0
2024-09-18,5,10,16,30,32,35,LOTTO,53,0
2024-09-18,6,7,29,35,38,43,LOTTO DP,53,0
2024-09-21,3,11,25,26,33,37,LOTTO,53,1
2024-09-21,20,28,29,40,43,51,LOTTO DP,53,1
2024-09-25,5,7,10,14,20,53,LOTTO,53,0
2024-09-25,23,29,30,34,49,53,LOTTO DP,53,0
2024-09-28,3,11,20,26,39,42,LOTTO,53,0
2024-09-28,10,12,41,44,50,51,LOTTO DP,53,0
2024-10-02,3,10,27,32,33,51,LOTTO,53,0
2024-10-02,1,2,4,19,23,38,LOTTO DP,53,0
2024-10-05,11,18,26,37,42,51,LOTTO,53,0
2024-10-05,19,20,26,27,39,46,LOTTO DP,53,0
2024-10-09,9,19,37,38,40,49,LOTTO,53,0
2024-10-09,4,29,32,38,47,52,LOTTO DP,53,0
2024-10-12,1,6,10,33,38,51,LOTTO,53,0
2024-10-12,3,5,10,18,34,40,LOTTO DP,53,0
2024-10-16,1,8,12,18,29,42,LOTTO,53,0
2024-10-16,16,18,30,39,43,46,LOTTO DP,53,0
2024-10-19,18,32,35,36,37,51,LOTTO,53,0
2024-10-19,16,19,26,30,49,51,LOTTO DP,53,0
2024-10-23,9,10,13,22,35,41,LOTTO,53,0
2024-10-23,13,15,17,35,42,44,LOTTO DP,53,0
2024-10-26,29,39,43,47,48,52,LOTTO,53,0
2024-10-26,8,13,15,19,20,39,LOTTO DP,53,0
2024-10-30,15,28,31,37,45,47,LOTTO,53,0
2024-10-30,1,23,34,39,46,47,LOTTO DP,53,0
2024-11-02,3,17,22,23,40,47,LOTTO,53,0
2024-11-02,1,22,24,36,40,44,LOTTO DP,53,0
2024-11-06,1,10,13,20,38,49,LOTTO,53,0
2024-11-06,10,21,22,23,30,32,LOTTO DP,53,0
2024-11-09,3,11,36,41,50,51,LOTTO,53,0
2024-11-09,7,15,29,30,31,49,LOTTO DP,53,0
2024-11-13,7,10,43,48,50,53,LOTTO,53,0
2024-11-13,1,2,4,20,25,48,LOTTO DP,53,0
2024-11-16,22,26,32,36,43,51,LOTTO,53,0
2024-11-16,8,14,18,36,37,49,LOTTO DP,53,0
2024-11-20,4,10,19,35,47,51,LOTTO,53,0
2024-11-20,2,33,34,41,42,49,LOTTO DP,53,0
2024-11-23,10,14,26,39,46,52,LOTTO,53,0
2024-11-23,12,20,24,31,34,37,LOTTO DP,53,0
2024-11-27,8,30,36,42,44,48,LOTTO,53,0
2024-11-27,10,28,30,36,42,44,LOTTO DP,53,0
2024-11-30,3,6,21,31,37,43,LOTTO,53,0
2024-11-30,4,5,6,19,21,39,LOTTO DP,53,0
2024-12-04,8,13,14,33,40,42,LOTTO,53,0
2024-12-04,5,15,22,41,47,53,LOTTO DP,53,0
2024-12-07,2,10,30,38,43,52,LOTTO,53,0
2024-12-07,10,15,31,32,38,45,LOTTO DP,53,0
2024-12-11,6,8,12,28,36,39,LOTTO,53,0
2024-12-11,13,22,24,38,40,49,LOTTO DP,53,0
2024-12-14,4,23,27,28,41,43,LOTTO,53,0
2024-12-14,2,22,23,27,35,37,LOTTO DP,53,0
2024-12-18,9,15,16,29,48,52,LOTTO,53,0
2024-12-18,7,14,22,41,47,49,LOTTO DP,53,0
2024-12-21,7,19,22,31,41,43,LOTTO,53,0
2024-12-21,1,29,33,38,42,46,LOTTO DP,53,0
2024-12-25,30,34,40,41,45,50,LOTTO,53,0
2024-12-25,2,3,13,29,43,49,LOTTO DP,53,0
2024-12-28,3,6,13,18,32,46,LOTTO,53,0
2024-12-28,8,24,25,31,48,50,LOTTO DP,53,0
2025-01-01,15,23,34,46,50,51,LOTTO,53,0
2025-01-01,16,17,20,28,42,46,LOTTO DP,53,0
2025-01-04,8,10,29,37,46,50,LOTTO,53,0
2025-01-04,3,30,33,43,47,52,LOTTO DP,53,0
2025-01-08,12,14,38,43,44,45,LOTTO,53,0
2025-01-08,20,28,30,31,40,50,LOTTO DP,53,0
2025-01-11,4,6,14,33,46,53,LOTTO,53,0
2025-01-11,5,11,24,28,34,36,LOTTO DP,53,0
2025-01-15,7,8,24,37,43,49,LOTTO,53,0
2025-01-15,4,11,30,31,43,44,LOTTO DP,53,0
2025-01-18,5,15,20,24,30,46,LOTTO,53,0
2025-01-18,7,17,24,28,29,33,LOTTO DP,53,0
2025-01-22,7,30,33,45,47,50,LOTTO,53,0
2025-01-22,13,16,19,28,33,52,LOTTO DP,53,0
2025-01-25,3,12,27,30,37,41,LOTTO,53,0
2025-01-25,7,8,30,40,41,48,LOTTO DP,53,0
2025-01-29,6,7,9,13,49,50,LOTTO,53,0
2025-01-29,2,11,30,33,35,39,LOTTO DP,53,0
2025-02-01,13,15,23,26,43,53,LOTTO,53,0
2025-02-01,11,14,19,34,40,49,LOTTO DP,53,0
2025-02-05,7,12,15,16,20,41,LOTTO,53,0
2025-02-05,6,12,13,21,30,40,LOTTO DP,53,0
2025-02-08,4,6,7,15,32,48,LOTTO,53,0
2025-02-08,24,25,30,43,44,46,LOTTO DP,53,0
2025-02-12,3,4,6,23,47,49,LOTTO,53,0
2025-02-12,8,14,17,27,36,41,LOTTO DP,53,0
2025-02-15,6,14,16,30,43,53,LOTTO,53,0
2025-02-15,8,23,26,33,44,51,LOTTO DP,53,0
2025-02-19,4,15,23,24,34,39,LOTTO,53,0
2025-02-19,14,22,29,38,44,47,LOTTO DP,53,0
2025-02-22,6,14,15,24,36,47,LOTTO,53,0
2025-02-22,1,6,25,27,30,48,LOTTO DP,53,0
2025-02-26,8,14,33,41,43,50,LOTTO,53,0
2025-02-26,12,19,34,44,45,49,LOTTO DP,53,0
2025-03-01,2,11,15,27,42,49,LOTTO,53,0
2025-03-01,2,10,20,25,41,43,LOTTO DP,53,0
2025-03-05,19,25,31,34,35,45,LOTTO,53,0
2025-03-05,10,11,16,28,39,44,LOTTO DP,53,0
2025-03-08,4,8,27,29,36,49,LOTTO,53,0
2025-03-08,14,29,41,44,52,53,LOTTO DP,53,0
2025-03-12,6,12,36,43,45,52,LOTTO,53,0
2025-03-12,2,4,10,11,17,38,LOTTO DP,53,0
2025-03-15,12,18,29,30,35,53,LOTTO,53,0
2025-03-15,4,24,30,31,47,48,LOTTO DP,53,0
2025-03-19,1,10,33,35,43,48,LOTTO,53,1
2025-03-19,29,37,41,42,44,45,LOTTO DP,53,1
2025-03-22,1,6,26,35,42,43,LOTTO,53,0
2025-03-22,7,20,26,28,41,53,LOTTO DP,53,0
2025-03-26,29,32,34,37,41,44,LOTTO,53,0
2025-03-26,1,4,14,18,43,52,LOTTO DP,53,0
2025-03-29,7,25,32,34,40,49,LOTTO,53,0
2025-03-29,9,18,24,32,44,53,LOTTO DP,53,0
2025-04-02,1,7,32,38,43,51,LOTTO,53,0
2025-04-02,3,33,39,42,47,49,LOTTO DP,53,0
2025-04-05,12,19,24,27,28,53,LOTTO,53,0
2025-04-05,8,18,25,41,43,47,LOTTO DP,53,0
2025-04-09,2,26,32,36,40,45,LOTTO,53,0
2025-04-09,4,10,13,22,35,44,LOTTO DP,53,0
2025-04-12,21,38,49,50,51,52,LOTTO,53,0
2025-04-12,18,19,22,26,27,47,LOTTO DP,53,0
2025-04-16,10,13,37,40,41,48,LOTTO,53,0
2025-04-16,11,25,43,45,46,52,LOTTO DP,53,0
2025-04-19,12,22,31,35,40,51,LOTTO,53,0
2025-04-19,6,12,18,23,27,42,LOTTO DP,53,0
2025-04-23,14,30,35,44,48,49,LOTTO,53,0
2025-04-23,16,17,23,40,50,53,LOTTO DP,53,0
2025-04-26,15,17,33,39,41,43,LOTTO,53,0
2025-04-26,11,28,31,40,44,46,LOTTO DP,53,0
2025-04-30,2,24,30,39,40,48,LOTTO,53,0
2025-04-30,9,18,20,24,31,43,LOTTO DP,53,0
2025-05-03,1,4,6,20,28,35,LOTTO,53,0
2025-05-03,3,29,35,45,47,51,LOTTO DP,53,0
2025-05-07,1,8,12,24,33,47,LOTTO,53,0
2025-05-07,10,19,20,30,38,47,LOTTO DP,53,0
2025-05-10,2,32,33,34,49,52,LOTTO,53,0
2025-05-10,2,9,20,35,39,40,LOTTO DP,53,0
2025-05-14,7,26,38,41,47,53,LOTTO,53,0
2025-05-14,11,15,21,33,34,46,LOTTO DP,53,0
2025-05-17,2,10,14,31,36,53,LOTTO,53,0
2025-05-17,17,18,20,31,32,36,LOTTO DP,53,0
2025-05-21,12,30,36,45,48,49,LOTTO,53,0
2025-05-21,8,26,29,38,48,51,LOTTO DP,53,0
2025-05-24,6,20,26,28,46,48,LOTTO,53,0
2025-05-24,5,9,16,39,42,43,LOTTO DP,53,0
2025-05-28,2,10,12,27,31,32,LOTTO,53,0
2025-05-28,14,15,24,33,39,50,LOTTO DP,53,0
2025-05-31,17,19,21,26,47,48,LOTTO,53,0
2025-05-31,15,19,20,28,48,51,LOTTO DP,53,0
2025-06-04,1,10,17,20,28,41,LOTTO,53,0
2025-06-04,12,13,24,25,28,49,LOTTO DP,53,0
2025-06-07,21,33,41,45,51,52,LOTTO,53,0
2025-06-07,13,26,47,48,50,53,LOTTO DP,53,0
2025-06-11,6,13,23,27,36,49,LOTTO,53,0
2025-06-11,2,6,26,33,47,48,LOTTO DP,53,0
2025-06-14,13,26,27,29,46,51,LOTTO,53,0
2025-06-14,4,19,35,42,49,50,LOTTO DP,53,0
2025-06-18,4,8,12,31,36,49,LOTTO,53,0
2025-06-18,16,21,32,36,38,40,LOTTO DP,53,0
2025-06-21,19,22,35,41,42,50,LOTTO,53,0
2025-06-21,1,2,15,19,42,46,LOTTO DP,53,0
2025-06-25,16,18,31,42,45,53,LOTTO,53,0
2025-06-25,18,21,22,32,45,47,LOTTO DP,53,0
2025-06-28,2,9,11,22,37,52,LOTTO,53,0
2025-06-28,3,8,18,21,27,42,LOTTO DP,53,0
2025-07-02,3,4,21,25,42,53,LOTTO,53,0
2025-07-02,1,2,4,16,18,49,LOTTO DP,53,0
2025-07-05,1,3,24,28,34,35,LOTTO,53,0
2025-07-05,14,24,28,34,48,49,LOTTO DP,53,0
2025-07-09,19,23,40,44,45,48,LOTTO,53,0
2025-07-09,3,5,19,27,35,52,LOTTO DP,53,0
2025-07-12,6,8,37,44,50,52,LOTTO,53,0
2025-07-12,11,13,23,40,41,43,LOTTO DP,53,0
2025-07-16,2,12,22,25,38,51,LOTTO,53,0
2025-07-16,17,21,27,31,40,53,LOTTO DP,53,0
2025-07-19,6,25,27,34,37,45,LOTTO,53,0
2025-07-19,16,18,25,33,40,44,LOTTO DP,53,0
2025-07-23,15,22,30,32,41,46,LOTTO,53,0
2025-07-23,2,12,23,28,35,36,LOTTO DP,53,0
2025-07-26,16,19,30,31,49,53,LOTTO,53,0
2025-07-26,4,7,16,20,44,51,LOTTO DP,53,0
2025-07-30,7,8,23,38,44,47,LOTTO,53,0
2025-07-30,8,10,21,23,36,44,LOTTO DP,53,0
2025-08-02,15,25,32,36,42,43,LOTTO,53,0
2025-08-02,6,17,25,32,51,52,LOTTO DP,53,0
2025-08-06,1,18,24,33,49,50,LOTTO,53,0
2025-08-06,7,10,26,32,37,46,LOTTO DP,53,0
2025-08-09,11,23,36,39,44,47,LOTTO,53,0
2025-08-09,10,26,48,51,52,53,LOTTO DP,53,0
2025-08-13,27,28,29,33,34,47,LOTTO,53,0
2025-08-13,24,25,39,40,50,51,LOTTO DP,53,0
2025-08-16,4,6,19,25,48,49,LOTTO,53,0
2025-08-16,3,22,37,49,50,51,LOTTO DP,53,0
2025-08-20,2,24,31,33,52,53,LOTTO,53,0
2025-08-20,1,11,17,19,34,42,LOTTO DP,53,0
2025-08-23,5,13,15,38,46,53,LOTTO,53,0
2025-08-23,1,4,5,23,43,51,LOTTO DP,53,0
2025-08-27,2,7,16,26,40,48,LOTTO,53,0
2025-08-27,14,34,41,46,50,51,LOTTO DP,53,0
2025-08-30,1,5,6,12,52,53,LOTTO,53,0
2025-08-30,11,15,18,25,32,37,LOTTO DP,53,0
2025-09-03,12,26,27,29,34,52,LOTTO,53,0
2025-09-03,14,19,33,35,49,53,LOTTO DP,53,0
2025-09-06,9,18,31,35,52,53,LOTTO,53,0
2025-09-06,1,17,22,27,35,51,LOTTO DP,53,0
2025-09-10,1,9,10,15,41,51,LOTTO,53,0
2025-09-10,1,23,26,32,33,36,LOTTO DP,53,0
2025-09-13,2,6,10,28,40,46,LOTTO,53,1
2025-09-13,6,13,25,33,45,52,LOTTO DP,53,1
2025-09-17,8,14,21,32,33,51,LOTTO,53,0
2025-09-17,9,31,41,49,50,52,LOTTO DP,53,0
2025-09-20,1,3,6,18,34,51,LOTTO,53,0
2025-09-20,5,16,19,25,38,45,LOTTO DP,53,0
2025-09-24,2,4,6,8,18,22,LOTTO,53,0
2025-09-24,5,18,40,46,47,51,LOTTO DP,53,0
2025-09-27,3,13,17,31,39,46,LOTTO,53,0
2025-09-27,3,15,26,29,35,42,LOTTO DP,53,0
2025-10-01,1,7,9,31,38,47,LOTTO,53,0
2025-10-01,13,28,30,32,34,45,LOTTO DP,53,0
2025-10-04,1,6,26,41,45,50,LOTTO,53,0
2025-10-04,16,18,21,24,30,38,LOTTO DP,53,0
2025-10-08,1,8,19,21,31,43,LOTTO,53,0
2025-10-08,2,8,16,28,38,52,LOTTO DP,53,0
2025-10-11,6,11,32,47,48,51,LOTTO,53,0
2025-10-11,1,15,34,38,41,49,LOTTO DP,53,0
2025-10-15,2,4,5,14,23,49,LOTTO,53,0
2025-10-15,2,15,34,39,45,48,LOTTO DP,53,0
2025-10-18,5,31,32,33,49,53,LOTTO,53,0
2025-10-18,5,12,14,27,42,50,LOTTO DP,53,0
2025-10-22,13,14,25,34,38,39,LOTTO,53,0
2025-10-22,6,10,21,29,36,45,LOTTO DP,53,0
2025-10-25,5,9,22,30,32,50,LOTTO,53,0
2025-10-25,11,18,21,46,50,53,LOTTO DP,53,0
2025-10-29,10,13,21,25,32,34,LOTTO,53,0
2025-10-29,8,17,23,26,47,53,LOTTO DP,53,0
2025-11-01,1,12,25,32,36,45,LOTTO,53,0
2025-11-01,2,3,16,19,50,53,LOTTO DP,53,0
2025-11-05,5,16,25,43,44,49,LOTTO,53,0
2025-11-05,5,13,29,37,46,52,LOTTO DP,53,0
2025-11-08,16,21,26,40,51,52,LOTTO,53,0
2025-11-08,16,41,42,47,48,51,LOTTO DP,53,0
2025-11-12,10,16,22,29,35,42,LOTTO,53,0
2025-11-12,6,7,13,30,33,35,LOTTO DP,53,0
2025-11-15,2,14,27,29,45,53,LOTTO,53,0
2025-11-15,10,27,35,40,45,53,LOTTO DP,53,0
2025-11-19,4,6,17,31,40,42,LOTTO,53,0
2025-11-19,3,13,22,38,46,53,LOTTO DP,53,0
2025-11-22,2,17,24,29,34,40,LOTTO,53,0
2025-11-22,17,19,23,30,35,38,LOTTO DP,53,0
2025-11-26,17,24,29,30,41,51,LOTTO,53,0
2025-11-26,10,12,24,36,39,46,LOTTO DP,53,0
2025-11-29,13,18,32,35,41,50,LOTTO,53,0
2025-11-29,10,21,25,28,34,39,LOTTO DP,53,0
2025-12-03,6,9,13,32,33,51,LOTTO,53,0
2025-12-03,7,33,34,35,49,51,LOTTO DP,53,0
2025-12-06,16,28,30,45,47,51,LOTTO,53,0
2025-12-06,2,4,9,10,12,52,LOTTO DP,53,0
2025-12-10,1,7,25,38,43,45,LOTTO,53,0
2025-12-10,11,20,23,40,42,51,LOTTO DP,53,0
2025-12-13,3,6,24,26,29,48,LOTTO,53,0
2025-12-13,6,7,30,33,34,36,LOTTO DP,53,0
2025-12-17,1,6,12,31,33,45,LOTTO,53,0
2025-12-17,12,17,23,24,48,53,LOTTO DP,53,0
2025-12-20,26,29,40,42,47,52,LOTTO,53,0
2025-12-20,3,6,16,19,20,25,LOTTO DP,53,0
2025-12-24,3,7,25,38,41,43,LOTTO,53,0
2025-12-24,10,16,33,37,39,51,LOTTO DP,53,0
2025-12-27,5,10,25,29,30,45,LOTTO,53,0
2025-12-27,12,18,35,40,45,46,LOTTO DP,53,0
2025-12-31,9,24,48,49,50,53,LOTTO,53,0
2025-12-31,5,18,24,39,46,51,LOTTO DP,53,0
2026-01-03,18,24,30,33,34,40,LOTTO,53,0
2026-01-03,4,7,10,27,31,45,LOTTO DP,53,0
2026-01-07,2,4,43,48,52,53,LOTTO,53,0
2026-01-07,12,21,29,35,47,51,LOTTO DP,53,0
2026-01-10,1,22,24,27,38,49,LOTTO,53,0
2026-01-10,2,6,24,35,43,48,LOTTO DP,53,0
2026-01-14,6,21,23,31,32,40,LOTTO,53,0
2026-01-14,6,12,21,30,48,53,LOTTO DP,53,0
2026-01-17,3,17,22,29,36,37,LOTTO,53,0
2026-01-17,17,36,37,38,39,42,LOTTO DP,53,0
2026-01-21,12,28,31,33,40,47,LOTTO,53,0
2026-01-21,10,11,16,22,25,47,LOTTO DP,53,0
2026-01-24,13,14,30,32,43,44,LOTTO,53,0
2026-01-24,6,7,27,42,46,51,LOTTO DP,53,0
2026-01-28,6,13,28,31,38,52,LOTTO,53,0
2026-01-28,1,18,34,49,51,52,LOTTO DP,53,0
2026-01-31,4,8,16,22,27,36,LOTTO,53,0
2026-01-31,16,17,33,39,48,50,LOTTO DP,53,0
2026-02-04,9,16,21,43,48,50,LOTTO,53,0
2026-02-04,14,19,35,42,47,53,LOTTO DP,53,0
2026-02-07,21,26,30,42,49,51,LOTTO,53,0
2026-02-07,2,16,18,33,47,52,LOTTO DP,53,0
2026-02-11,16,25,35,38,39,40,LOTTO,53,0
2026-02-11,23,29,37,38,42,53,LOTTO DP,53,0
2026-02-14,6,12,27,28,31,40,LOTTO,53,0
2026-02-14,7,9,23,26,38,47,LOTTO DP,53,0
2026-02-18,12,30,34,36,38,46,LOTTO,53,0
2026-02-18,5,8,9,16,21,41,LOTTO DP,53,0
2026-02-21,9,14,21,27,49,50,LOTTO,53,0
2026-02-21,1,9,10,25,30,51,LOTTO DP,53,0
2026-02-25,3,18,24,35,38,41,LOTTO,53,0
2026-02-25,3,6,23,26,29,37,LOTTO DP,53,0
2026-02-28,3,15,18,29,42,43,LOTTO,53,0
2026-02-28,8,12,16,37,47,52,LOTTO DP,53,0
2026-03-04,6,8,10,12,16,20,LOTTO,53,0
2026-03-04,21,27,31,42,45,49,LOTTO DP,53,0
2026-03-07,1,10,11,24,37,46,LOTTO,53,0
2026-03-07,1,29,43,45,52,53,LOTTO DP,53,0
2026-03-11,9,20,21,22,31,46,LOTTO,53,1
2026-03-11,1,10,31,40,41,53,LOTTO DP,53,1
2026-03-14,1,12,29,38,40,48,LOTTO,53,0
2026-03-14,2,14,15,30,34,36,LOTTO DP,53,0
2026-03-18,17,35,38,43,48,51,LOTTO,53,0
2026-03-18,8,12,28,46,50,52,LOTTO DP,53,0
2026-03-21,12,18,30,49,52,53,LOTTO,53,0
2026-03-21,1,4,13,30,46,53,LOTTO DP,53,0
2026-03-25,1,6,14,16,19,29,LOTTO,53,0
2026-03-25,22,27,30,39,48,51,LOTTO DP,53,0
2026-03-28,24,34,37,41,43,47,LOTTO,53,0
2026-03-28,21,25,27,28,29,44,LOTTO DP,53,0
2026-04-01,9,31,33,46,47,51,LOTTO,53,0
2026-04-01,4,23,28,46,48,51,LOTTO DP,53,0
2026-04-04,10,12,13,15,45,48,LOTTO,53,0
2026-04-04,4,15,28,44,46,52,LOTTO DP,53,0
2026-04-08,10,14,21,30,42,44,LOTTO,53,0
2026-04-08,2,12,14,22,36,52,LOTTO DP,53,0
2026-04-11,3,6,9,20,29,35,LOTTO,53,0
2026-04-11,7,29,36,39,42,50,LOTTO DP,53,0
2026-04-15,5,27,36,43,45,46,LOTTO,53,0
2026-04-15,13,14,25,46,49,51,LOTTO DP,53,0
2026-04-18,12,23,28,29,31,36,LOTTO,53,0
2026-04-18,5,8,9,17,26,27,LOTTO DP,53,0
2026-04-22,4,10,17,20,49,52,LOTTO,53,0
2026-04-22,4,23,26,30,38,41,LOTTO DP,53,0
2026-04-25,13,35,38,48,49,51,LOTTO,53,0
2026-04-25,7,13,19,30,34,38,LOTTO DP,53,0
2026-04-29,3,27,36,39,41,53,LOTTO,53,0
2026-04-29,13,15,18,22,23,41,LOTTO DP,53,0
2026-05-02,10,16,30,31,34,48,LOTTO,53,0
2026-05-02,2,19,26,44,45,50,LOTTO DP,53,0
2026-05-06,2,9,13,43,46,49,LOTTO,53,0
2026-05-06,5,19,25,28,39,40,LOTTO DP,53,0
2026-05-09,6,20,21,34,39,52,LOTTO,53,0
2026-05-09,1,17,22,29,41,43,LOTTO DP,53,0
2026-05-13,2,11,15,20,37,46,LOTTO,53,0
2026-05-13,1,16,38,46,49,52,LOTTO DP,53,0
2026-05-16,4,15,24,38,46,48,LOTTO,53,0
2026-05-16,11,12,38,40,42,51,LOTTO DP,53,0
2026-05-20,6,15,18,28,33,38,LOTTO,53,0
2026-05-20,4,5,13,15,24,39,LOTTO DP,53,0
2026-05-23,12,26,27,46,50,51,LOTTO,53,0
2026-05-23,6,17,23,30,34,37,LOTTO DP,53,0
2026-05-27,5,11,22,34,44,48,LOTTO,53,0
2026-05-27,9,12,15,23,26,47,LOTTO DP,53,0
2026-05-30,3,6,7,35,36,39,LOTTO,53,0
2026-05-30,3,7,15,23,28,44,LOTTO DP,53,0
2026-06-03,18,30,42,44,48,52,LOTTO,53,0
2026-06-03,5,6,22,27,45,53,LOTTO DP,53,0
2026-06-06,12,30,31,32,33,38,LOTTO,53,0
2026-06-06,17,21,25,27,39,40,LOTTO DP,53,0
2026-06-10,7,16,21,24,41,43,LOTTO,53,0
2026-06-10,2,13,32,39,50,52,LOTTO DP,53,0
2026-06-13,18,26,27,33,44,45,LOTTO,53,0
2026-06-13,11,32,35,46,47,50,LOTTO DP,53,0
2026-06-17,12,26,27,40,42,51,LOTTO,53,0
2026-06-17,13,25,38,40,47,52,LOTTO DP,53,0
2026-06-20,1,9,22,25,41,46,LOTTO,53,0
2026-06-20,13,15,24,25,47,53,LOTTO DP,53,0
2026-06-24,6,14,33,36,41,51,LOTTO,53,0
2026-06-24,7,15,16,17,22,52,LOTTO DP,53,0
2026-06-27,2,10,21,26,30,44,LOTTO,53,0
2026-06-27,15,18,23,35,39,53,LOTTO DP,53,0
2026-07-01,4,5,25,33,42,52,LOTTO,53,0
2026-07-01,7,17,22,44,46,47,LOTTO DP,53,0
2026-07-04,4,7,18,34,39,53,LOTTO,53,0
2026-07-04,12,13,21,36,38,42,LOTTO DP,53,0
2026-07-08,3,8,11,18,23,38,LOTTO,53,0
2026-07-08,1,6,12,19,26,31,LOTTO DP,53,0
2026-07-11,9,11,19,25,32,47,LOTTO,53,0
2026-07-11,7,12,19,20,28,35,LOTTO DP,53,0
2026-07-15,13,17,31,37,38,45,LOTTO,53,0
2026-07-15,3,8,18,22,35,38,LOTTO DP,53,0
2026-07-18,8,13,26,28,32,48,LOTTO,53,0
2026-07-18,26,28,41,44,47,51,LOTTO DP,53,0
2026-07-22,3,14,22,32,35,40,LOTTO,53,0
2026-07-22,1,5,8,15,16,46,LOTTO DP,53,0
2026-07-25,7,26,34,39,46,52,LOTTO,53,0
2026-07-25,1,4,29,35,41,51,LOTTO DP,53,0
2026-07-29,7,15,26,35,44,48,LOTTO,53,0
2026-07-29,7,10,27,28,29,36,LOTTO DP,53,0
2026-08-01,19,23,25,32,36,38,LOTTO,53,0
2026-08-01,3,4,12,25,26,43,LOTTO DP,53,0
2026-08-05,4,19,21,22,30,45,LOTTO,53,0
2026-08-05,2,6,10,12,44,50,LOTTO DP,53,0
2026-08-08,3,11,20,25,40,42,LOTTO,53,0
2026-08-08,3,7,13,16,37,44,LOTTO DP,53,0
2026-08-12,6,10,16,20,28,39,LOTTO,53,0
2026-08-12,3,8,10,30,40,45,LOTTO DP,53,0
2026-08-15,9,10,14,21,32,34,LOTTO,53,0
2026-08-15,1,14,16,21,34,35,LOTTO DP,53,0
2026-08-19,1,16,17,30,46,47,LOTTO,53,0
2026-08-19,4,22,34,45,49,51,LOTTO DP,53,0
2026-08-22,11,31,33,34,39,51,LOTTO,53,0
2026-08-22,2,17,39,42,46,50,LOTTO DP,53,0
2026-08-26,5,6,16,24,32,45,LOTTO,53,0
2026-08-26,25,26,30,32,39,48,LOTTO DP,53,0
2026-08-29,2,18,20,22,43,52,LOTTO,53,0
2026-08-29,4,28,38,41,46,51,LOTTO DP,53,0
2026-09-02,1,19,38,43,44,49,LOTTO,53,0
2026-09-02,7,11,24,27,50,51,LOTTO DP,53,0
